[

    {"Risk_Code":"40101",
        "Name":"Abrasive Manufacturing",
        "Terrorism_Rate":"0.23",
        "Industrial_Type":"Industrial_Manufacturing_Risks",
        "Decline":"No",
        "Zone":[0.82,0.82,0.82,0.82],
        "Sum_insured_limit":"20000000"
        },
        {"Risk_Code":"40201",
        "Name":"Aerated Water Factories",
        "Terrorism_Rate":"0.23",
        "Industrial_Type":"Industrial_Manufacturing_Risks",
        "Decline":"No",
        "Zone":[0.75,0.75,0.75,0.75],
        "Sum_insured_limit":"50000000"
        },
        {"Risk_Code":"41101",
        "Name":"Atta and Cereal Grinding (excluding Dal Mills)",
        "Terrorism_Rate":"0.23",
        "Industrial_Type":"Industrial_Manufacturing_Risks",
        "Decline":"yes",
        "Zone":[0.86,0.86,0.86,0.86],
        "Sum_insured_limit":"50000000"},
        {"Risk_Code":"30101",
        "Name":"Auditoriums",
        "Terrorism_Rate":"0.15",
        "Industrial_Type":"Non_Industrial_Risks",
        "Decline":"No",
        "Zone":[0.43,0.43,0.43,0.43],
        "Sum_insured_limit":"20000000"},
        {"Risk_Code":"41401",
        "Name":"Bakeries",
        "Terrorism_Rate":"0.23",
        "Industrial_Type":"Industrial_Manufacturing_Risks",
        "Decline":"yes",
        "Zone":[0.83,0.83,0.83,0.83],
        "Sum_insured_limit":"50000000"},
        {"Risk_Code":"72802",
        "Name":"Bank",
        "Terrorism_Rate":"0.15",
        "Industrial_Type":"Non_Industrial_Risks",
        "Decline":"No",
        "Zone":[0.4,0.4,0.4,0.4],
        "Sum_insured_limit":"20000000"},
        {"Risk_Code":"41801",
        "Name":"Biscuit Factories",
        "Terrorism_Rate":"0.23",
        "Industrial_Type":"Industrial_Manufacturing_Risks",
        "Decline":"yes",
        "Zone":[0.81,0.81,0.81,0.81],
        "Sum_insured_limit":"50000000"},
        {"Risk_Code":"42101",
        "Name":"Breweries",
        "Terrorism_Rate":"0.23",
        "Industrial_Type":"Industrial_Manufacturing_Risks",
        "Decline":"yes",
        "Zone":[1.09,1.09,1.09,1.09],
        "Sum_insured_limit":"20000000"},
        {"Risk_Code":"42201",
        "Name":"Brickworks (including refractories and fire bricks)",
        "Terrorism_Rate":"0.23",
        "Industrial_Type":"Industrial_Manufacturing_Risks",
        "Decline":"yes",
        "Zone":[0.55,0.55,0.55,0.55],
        "Sum_insured_limit":"20000000"},
        {"Risk_Code":"42501",
        "Name":"Buildings (including flats/houses) in course of construction",
        "Terrorism_Rate":"0.23",
        "Industrial_Type":"Industrial_Manufacturing_Risks",
        "Decline":"No",
        "Zone":[0.33,0.33,0.33,0.33],
        "Sum_insured_limit":"50000000"},
        {"Risk_Code":"42601",
        "Name":"Cable Manufacturing",
        "Terrorism_Rate":"0.23",
        "Industrial_Type":"Industrial_Manufacturing_Risks",
        "Decline":"yes",
        "Zone":[1.14,1.14,1.14,1.14],
        "Sum_insured_limit":"20000000"},
        {"Risk_Code":"30201",
        "Name":"Cafes",
        "Terrorism_Rate":"0.15",
        "Industrial_Type":"Non_Industrial_Risks",
        "Decline":"No",
        "Zone":[0.4,0.4,0.4,0.4],
        "Sum_insured_limit":"20000000"},
        {"Risk_Code":"43701",
        "Name":"Cashew Nut Factory",
        "Terrorism_Rate":"0.23",
        "Industrial_Type":"Industrial_Manufacturing_Risks",
        "Decline":"No",
        "Zone":[1.07,1.07,1.07,1.07],
        "Sum_insured_limit":"20000000"},
        {"Risk_Code":"44001",
        "Name":"Cement / asbestos/concrete products Manufacturing",
        "Terrorism_Rate":"0.23",
        "Industrial_Type":"Industrial_Manufacturing_Risks",
        "Decline":"yes",
        "Zone":[0.65,0.65,0.65,0.65],
        "Sum_insured_limit":"20000000"},
        {"Risk_Code":"44101",
        "Name":"Cement Factories",
        "Terrorism_Rate":"0.23",
        "Industrial_Type":"Industrial_Manufacturing_Risks",
        "Decline":"No",
        "Zone":[0.81,0.81,0.81,0.81],
        "Sum_insured_limit":"20000000"},
        {"Risk_Code":"44201",
        "Name":"Ceramic Factories and Crockery and Stoneware pipe Manufacturing",
        "Terrorism_Rate":"0.23",
        "Industrial_Type":"Industrial_Manufacturing_Risks",
        "Decline":"yes",
        "Zone":[0.9,0.9,0.9,0.9],
        "Sum_insured_limit":"50000000"},
        {"Risk_Code":"44202",
        "Name":"Clay Works",
        "Terrorism_Rate":"0.23",
        "Industrial_Type":"Industrial_Manufacturing_Risks",
        "Decline":"yes",
        "Zone":[0.9,0.9,0.9,0.9],
        "Sum_insured_limit":"50000000"},
        {"Risk_Code":"30103",
        "Name":"Clubs",
        "Terrorism_Rate":"0.15",
        "Industrial_Type":"Non_Industrial_Risks",
        "Decline":"No",
        "Zone":[0.36,0.36,0.36,0.36],
        "Sum_insured_limit":"20000000"},
        {"Risk_Code":"30104",
        "Name":"Colleges",
        "Terrorism_Rate":"0.15",
        "Industrial_Type":"Non_Industrial_Risks",
        "Decline":"No",
        "Zone":[0.35,0.35,0.35,0.35],
        "Sum_insured_limit":"20000000"},
        {"Risk_Code":"45901",
        "Name":"Condensed Milk Factories, Milk Pasturisings Plants and Dairies",
        "Terrorism_Rate":"0.23",
        "Industrial_Type":"Industrial_Manufacturing_Risks",
        "Decline":"yes",
        "Zone":[0.64,0.64,0.64,0.64],
        "Sum_insured_limit":"20000000"},
        {"Risk_Code":"30203",
        "Name":"Confectioner & Sweet meat sellers",
        "Terrorism_Rate":"0.15",
        "Industrial_Type":"Non_Industrial_Risks",
        "Decline":"yes",
        "Zone":[0.4,0.4,0.4,0.4],
        "Sum_insured_limit":"50000000"},
        {"Risk_Code":"46001",
        "Name":"Confectionery Manufacturing",
        "Terrorism_Rate":"0.23",
        "Industrial_Type":"Industrial_Manufacturing_Risks",
        "Decline":"yes",
        "Zone":[0.94,0.94,0.94,0.94],
        "Sum_insured_limit":"50000000"},
        {"Risk_Code":"49802",
        "Name":"Dal mills",
        "Terrorism_Rate":"0.23",
        "Industrial_Type":"Industrial_Manufacturing_Risks",
        "Decline":"yes",
        "Zone":[0.32,0.32,0.32,0.32],
        "Sum_insured_limit":"50000000"},
        {"Risk_Code":"30108",
        "Name":"Educational and Research Institutes",
        "Terrorism_Rate":"0.15",
        "Industrial_Type":"Non_Industrial_Risks",
        "Decline":"No",
        "Zone":[0.39,0.39,0.39,0.39],
        "Sum_insured_limit":"50000000"},
        {"Risk_Code":"48301",
        "Name":"Flour Mills",
        "Terrorism_Rate":"0.23",
        "Industrial_Type":"Industrial_Manufacturing_Risks",
        "Decline":"yes",
        "Zone":[1.45,1.45,1.45,1.45],
        "Sum_insured_limit":"20000000"},
        {"Risk_Code":"48702",
        "Name":"Food processing units",
        "Terrorism_Rate":"0.23",
        "Industrial_Type":"Industrial_Manufacturing_Risks",
        "Decline":"yes",
        "Zone":[1.21,1.21,1.21,1.21],
        "Sum_insured_limit":"20000000"},
        {"Risk_Code":"48701",
        "Name":"Fruit and vegetable drying/dehydrating factories",
        "Terrorism_Rate":"0.23",
        "Industrial_Type":"Industrial_Manufacturing_Risks",
        "Decline":"No",
        "Zone":[1,1,1,1],
        "Sum_insured_limit":"20000000"},
        {"Risk_Code":"48801",
        "Name":"Fruit products and Condiment Factories (including fruit pulp making)",
        "Terrorism_Rate":"0.23",
        "Industrial_Type":"Industrial_Manufacturing_Risks",
        "Decline":"No",
        "Zone":[0.77,0.77,0.77,0.77],
        "Sum_insured_limit":"20000000"},
        {"Risk_Code":"30404",
        "Name":"Fuel Station- Petrol / Diesel Kiosks (without CNG)",
        "Terrorism_Rate":"0.15",
        "Industrial_Type":"Non_Industrial_Risks",
        "Decline":"yes",
        "Zone":[0.67,0.67,0.67,0.67],
        "Sum_insured_limit":"20000000"},
        {"Risk_Code":"49301",
        "Name":"Glass Manufacturing",
        "Terrorism_Rate":"0.23",
        "Industrial_Type":"Industrial_Manufacturing_Risks",
        "Decline":"No",
        "Zone":[1.04,1.04,1.04,1.04],
        "Sum_insured_limit":"20000000"},
        {"Risk_Code":"49801",
        "Name":"Grain/seeds disintegrating/crushing/ Decorticating factories",
        "Terrorism_Rate":"0.23",
        "Industrial_Type":"Industrial_Manufacturing_Risks",
        "Decline":"yes",
        "Zone":[1.05,1.05,1.05,1.05],
        "Sum_insured_limit":"20000000"},
        {"Risk_Code":"49601",
        "Name":"Granite Factories (Others)",
        "Terrorism_Rate":"0.23",
        "Industrial_Type":"Industrial_Manufacturing_Risks",
        "Decline":"No",
        "Zone":[0.44,0.44,0.44,0.44],
        "Sum_insured_limit":"20000000"},
        {"Risk_Code":"49701",
        "Name":"Graphite electrode Manufacturing",
        "Terrorism_Rate":"0.23",
        "Industrial_Type":"Industrial_Manufacturing_Risks",
        "Decline":"No",
        "Zone":[1.42,1.42,1.42,1.42],
        "Sum_insured_limit":"20000000"},
        {"Risk_Code":"50101",
        "Name":"Gum/Glue/Gelatine Manufacturing",
        "Terrorism_Rate":"0.23",
        "Industrial_Type":"Industrial_Manufacturing_Risks",
        "Decline":"No",
        "Zone":[1.06,1.06,1.06,1.06],
        "Sum_insured_limit":"20000000"},
        {"Risk_Code":"30109",
        "Name":"Health Club, Gymnasium and Swimming pool",
        "Terrorism_Rate":"0.15",
        "Industrial_Type":"Non_Industrial_Risks",
        "Decline":"No",
        "Zone":[0.24,0.24,0.24,0.24],
        "Sum_insured_limit":"20000000"},
        {"Risk_Code":"30204",
        "Name":"Health Resorts",
        "Terrorism_Rate":"0.15",
        "Industrial_Type":"Non_Industrial_Risks",
        "Decline":"No",
        "Zone":[0.4,0.4,0.4,0.4],
        "Sum_insured_limit":"20000000"},
        {"Risk_Code":"30110",
        "Name":"Hospitals including X-ray and DiagNostic clinics",
        "Terrorism_Rate":"0.15",
        "Industrial_Type":"Non_Industrial_Risks",
        "Decline":"No",
        "Zone":[0.41,0.41,0.41,0.41],
        "Sum_insured_limit":"50000000"},
        {"Risk_Code":"30205",
        "Name":"Hotels",
        "Terrorism_Rate":"0.15",
        "Industrial_Type":"Non_Industrial_Risks",
        "Decline":"No",
        "Zone":[0.17,0.17,0.17,0.17],
        "Sum_insured_limit":"50000000"},
        {"Risk_Code":"50401",
        "Name":"Ice candy and Ice cream Manufacturing",
        "Terrorism_Rate":"0.23",
        "Industrial_Type":"Industrial_Manufacturing_Risks",
        "Decline":"yes",
        "Zone":[0.8,0.8,0.8,0.8],
        "Sum_insured_limit":"20000000"},
        {"Risk_Code":"50501",
        "Name":"Ice factories",
        "Terrorism_Rate":"0.23",
        "Industrial_Type":"Industrial_Manufacturing_Risks",
        "Decline":"No",
        "Zone":[0.8,0.8,0.8,0.8],
        "Sum_insured_limit":"20000000"},
        {"Risk_Code":"51001",
        "Name":"Jaggery Manufacturing",
        "Terrorism_Rate":"0.23",
        "Industrial_Type":"Industrial_Manufacturing_Risks",
        "Decline":"No",
        "Zone":[0.90,0.90,0.90,0.90],
        "Sum_insured_limit":"50000000"},
        {"Risk_Code":"51201",
        "Name":"Katha Manufacturing",
        "Terrorism_Rate":"0.23",
        "Industrial_Type":"Industrial_Manufacturing_Risks",
        "Decline":"yes",
        "Zone":[1.96,1.96,1.96,1.96],
        "Sum_insured_limit":"20000000"},
        {"Risk_Code":"30302",
        "Name":"Laundries",
        "Terrorism_Rate":"0.15",
        "Industrial_Type":"Non_Industrial_Risks",
        "Decline":"yes",
        "Zone":[0.65,0.65,0.65,0.65],
        "Sum_insured_limit":"20000000"},
        {"Risk_Code":"51601",
        "Name":"Leather Goods Manufacturing ( incl. boot/shoe)",
        "Terrorism_Rate":"0.23",
        "Industrial_Type":"Industrial_Manufacturing_Risks",
        "Decline":"yes",
        "Zone":[1.2,1.2,1.2,1.2],
        "Sum_insured_limit":"20000000"},
        {"Risk_Code":"30112",
        "Name":"Libraries",
        "Terrorism_Rate":"0.15",
        "Industrial_Type":"Non_Industrial_Risks",
        "Decline":"No",
        "Zone":[0.36,0.36,0.36,0.36],
        "Sum_insured_limit":"20000000"},
        {"Risk_Code":"30113",
        "Name":"Lodging/Boarding Houses",
        "Terrorism_Rate":"0.15",
        "Industrial_Type":"Non_Industrial_Risks",
        "Decline":"No",
        "Zone":[0.34,0.34,0.34,0.34],
        "Sum_insured_limit":"20000000"},
        {"Risk_Code":"30114",
        "Name":"Marriage Halls",
        "Terrorism_Rate":"0.15",
        "Industrial_Type":"Non_Industrial_Risks",
        "Decline":"No",
        "Zone":[0.33,0.33,0.33,0.33],
        "Sum_insured_limit":"20000000"},
        {"Risk_Code":"52301",
        "Name":"Manure Blending works",
        "Terrorism_Rate":"0.23",
        "Industrial_Type":"Industrial_Manufacturing_Risks",
        "Decline":"No",
        "Zone":[1.09,1.09,1.09,1.09],
        "Sum_insured_limit":"50000000"},
        {"Risk_Code":"30115",
        "Name":"Meeting Rooms",
        "Terrorism_Rate":"0.15",
        "Industrial_Type":"Non_Industrial_Risks",
        "Decline":"No",
        "Zone":[0.4,0.4,0.4,0.4],
        "Sum_insured_limit":"20000000"},
        {"Risk_Code":"30116",
        "Name":"Mess Houses",
        "Terrorism_Rate":"0.15",
        "Industrial_Type":"Non_Industrial_Risks",
        "Decline":"No",
        "Zone":[0.36,0.36,0.36,0.36],
        "Sum_insured_limit":"20000000"},
        {"Risk_Code":"47604",
        "Name":"Motor Vehicle Garages",
        "Terrorism_Rate":"0.23",
        "Industrial_Type":"Industrial_Manufacturing_Risks",
        "Decline":"No",
        "Zone":[0.25,0.25,0.25,0.25],
        "Sum_insured_limit":"20000000"},
        {"Risk_Code":"30403",
        "Name":"Motor Vehicle showroom including sales and service",
        "Terrorism_Rate":"0.15",
        "Industrial_Type":"Non_Industrial_Risks",
        "Decline":"yes",
        "Zone":[0.46,0.46,0.46,0.46],
        "Sum_insured_limit":"20000000"},
        {"Risk_Code":"53101",
        "Name":"Mosaic Factories",
        "Terrorism_Rate":"0.23",
        "Industrial_Type":"Industrial_Manufacturing_Risks",
        "Decline":"yes",
        "Zone":[0.92,0.92,0.92,0.92],
        "Sum_insured_limit":"50000000"},
        {"Risk_Code":"30117",
        "Name":"Museums",
        "Terrorism_Rate":"0.15",
        "Industrial_Type":"Non_Industrial_Risks",
        "Decline":"No",
        "Zone":[0.38,0.38,0.38,0.38],
        "Sum_insured_limit":"20000000"},
        {"Risk_Code":"30118",
        "Name":"Office premises",
        "Terrorism_Rate":"0.15",
        "Industrial_Type":"Non_Industrial_Risks",
        "Decline":"No",
        "Zone":[0.27,0.27,0.27,0.27],
        "Sum_insured_limit":"50000000"},
        {"Risk_Code":"54301",
        "Name":"Pan Masala making",
        "Terrorism_Rate":"0.23",
        "Industrial_Type":"Industrial_Manufacturing_Risks",
        "Decline":"No",
        "Zone":[1.15,1.15,1.15,1.15],
        "Sum_insured_limit":"20000000"},
        {"Risk_Code":"51102",
        "Name":"Pipe lines (carrying water only)",
        "Terrorism_Rate":"0.23",
        "Industrial_Type":"Utilities_Located_Outside_The_Compounds_Of_Industrial_Manufacturing_Risks",
        "Decline":"No",
        "Zone":[0.54,0.54,0.54,0.54],
        "Sum_insured_limit":"20000000"},
        {"Risk_Code":"30119",
        "Name":"Places of worships",
        "Terrorism_Rate":"0.15",
        "Industrial_Type":"Non_Industrial_Risks",
        "Decline":"No",
        "Zone":[0.27,0.27,0.27,0.27],
        "Sum_insured_limit":"20000000"},
        {"Risk_Code":"55901",
        "Name":"Pulverising Plants(Metals and Non-hazardous goods)",
        "Terrorism_Rate":"0.23",
        "Industrial_Type":"Industrial_Manufacturing_Risks",
        "Decline":"No",
        "Zone":[0.64,0.64,0.64,0.64],
        "Sum_insured_limit":"20000000"},
        {"Risk_Code":"56001",
        "Name":"Pulverizing Plants (Others)",
        "Terrorism_Rate":"0.23",
        "Industrial_Type":"Industrial_Manufacturing_Risks",
        "Decline":"No",
        "Zone":[1.60,1.60,1.60,1.60],
        "Sum_insured_limit":"20000000"},
        {"Risk_Code":"51402",
        "Name":"Pump House (Others)",
        "Terrorism_Rate":"0.23",
        "Industrial_Type":"Utilities_Located_Outside_The_Compounds_Of_Industrial_Manufacturing_Risks",
        "Decline":"No",
        "Zone":[1.35,1.35,1.35,1.35],
        "Sum_insured_limit":"20000000"},
        {"Risk_Code":"51302",
        "Name":"Pump House (Water)",
        "Terrorism_Rate":"0.23",
        "Industrial_Type":"Utilities_Located_Outside_The_Compounds_Of_Industrial_Manufacturing_Risks",
        "Decline":"No",
        "Zone":[0.5,0.5,0.5,0.5],
        "Sum_insured_limit":"20000000"},
        {"Risk_Code":"30202",
        "Name":"Restaurants",
        "Terrorism_Rate":"0.15",
        "Industrial_Type":"Non_Industrial_Risks",
        "Decline":"No",
        "Zone":[0.4,0.4,0.4,0.4],
        "Sum_insured_limit":"50000000"},
        {"Risk_Code":"56101",
        "Name":"Rice Mills",
        "Terrorism_Rate":"0.23",
        "Industrial_Type":"Industrial_Manufacturing_Risks",
        "Decline":"yes",
        "Zone":[0.32,0.32,0.32,0.32],
        "Sum_insured_limit":"20000000"},
        {"Risk_Code":"30121",
        "Name":"Schools",
        "Terrorism_Rate":"0.15",
        "Industrial_Type":"Non_Industrial_Risks",
        "Decline":"No",
        "Zone":[0.17,0.17,0.17,0.17],
        "Sum_insured_limit":"20000000"},
        {"Risk_Code":"30301",
        "Name":"Shops dealing in Non-hazardous goods",
        "Terrorism_Rate":"0.15",
        "Industrial_Type":"Non_Industrial_Risks",
        "Decline":"No",
        "Zone":[0.53,0.53,0.53,0.53],
        "Sum_insured_limit":"20000000"},
        {"Risk_Code":"30122",
        "Name":"Showrooms and display centres where goods are kept for display and No sales are carried out",
        "Terrorism_Rate":"0.15",
        "Industrial_Type":"Non_Industrial_Risks",
        "Decline":"No",
        "Zone":[0.43,0.43,0.43,0.43],
        "Sum_insured_limit":"20000000"},
        {"Risk_Code":"57301",
        "Name":"Soap Manufacturing",
        "Terrorism_Rate":"0.23",
        "Industrial_Type":"Industrial_Manufacturing_Risks",
        "Decline":"No",
        "Zone":[1.2,1.2,1.2,1.2],
        "Sum_insured_limit":"20000000"},
        {"Risk_Code":"30308",
        "Name":"Sports Galleries",
        "Terrorism_Rate":"0.15",
        "Industrial_Type":"Non_Industrial_Risks",
        "Decline":"No",
        "Zone":[1.53,1.53,1.53,1.53],
        "Sum_insured_limit":"20000000"},
        {"Risk_Code":"48902",
        "Name":"Sports Goods Manufacturing",
        "Terrorism_Rate":"0.23",
        "Industrial_Type":"Industrial_Manufacturing_Risks",
        "Decline":"yes",
        "Zone":[1.35,1.35,1.35,1.35],
        "Sum_insured_limit":"20000000"},
        {"Risk_Code":"57701",
        "Name":"Starch Factories",
        "Terrorism_Rate":"0.23",
        "Industrial_Type":"Industrial_Manufacturing_Risks",
        "Decline":"No",
        "Zone":[0.88,0.88,0.88,0.88],
        "Sum_insured_limit":"20000000"},
        {"Risk_Code":"57801",
        "Name":"Stone quarries",
        "Terrorism_Rate":"0.23",
        "Industrial_Type":"Industrial_Manufacturing_Risks",
        "Decline":"No",
        "Zone":[0.42,0.42,0.42,0.42],
        "Sum_insured_limit":"20000000"},
        {"Risk_Code":"62001",
        "Name":"Storage of Category I hazardous Goods - Storage in godown or warehouse (Excluding garments, rubber, plastic, white goods (electronic goods), chemicals)",
        "Terrorism_Rate":"0.23",
        "Industrial_Type":"Storage_Risks_Located_Outside_The_Compounds_Of_Industrial_Manufacturing_Risks",
        "Decline":"yes",
        "Zone":[0.89,0.89,0.89,0.89],
        "Sum_insured_limit":"5000000"},
        {"Risk_Code":"58201",
        "Name":"Sweetmeat manufacturing",
        "Terrorism_Rate":"0.23",
        "Industrial_Type":"Industrial_Manufacturing_Risks",
        "Decline":"yes",
        "Zone":[0.94,0.94,0.94,0.94],
        "Sum_insured_limit":"20000000"},
        {"Risk_Code":"59001",
        "Name":"Tile & Pottery works",
        "Terrorism_Rate":"0.23",
        "Industrial_Type":"Industrial_Manufacturing_Risks",
        "Decline":"No",
        "Zone":[0.84,0.84,0.84,0.84],
        "Sum_insured_limit":"20000000"},
        {"Risk_Code":"59801",
        "Name":"Umbrella Assembly factories",
        "Terrorism_Rate":"0.23",
        "Industrial_Type":"Industrial_Manufacturing_Risks",
        "Decline":"yes",
        "Zone":[1.11,1.11,1.11,1.11],
        "Sum_insured_limit":"20000000"},
        {"Risk_Code":"51702",
        "Name":"Water Treatment Plant/Water Tanks",
        "Terrorism_Rate":"0.23",
        "Industrial_Type":"Utilities_Located_Outside_The_Compounds_Of_Industrial_Manufacturing_Risks",
        "Decline":"No",
        "Zone":[0.29,0.29,0.29,0.29],
        "Sum_insured_limit":"20000000"}
]