[{"Risk_Code":"40101","Name":"Abrasive Manufacturing","Industrial_Type":"Industrial_Manufacturing_Risks","Zone":[0.82,0.82,0.82,0.82],"Terrorism_Rate":"0.23","Decline":"No","Sum_insured_limit":"50000000"},
{"Risk_Code":"40201","Name":"Aerated Water Factories","Industrial_Type":"Industrial_Manufacturing_Risks","Zone":[0.75,0.75,0.75,0.75],"Terrorism_Rate":"0.23","Decline":"No","Sum_insured_limit":"50000000"},
{"Risk_Code":"40301","Name":"Aerial Ropeway including trolley stations","Industrial_Type":"Industrial_Manufacturing_Risks","Zone":[0.92,0.92,0.92,0.92],"Terrorism_Rate":"0.23","Decline":"No","Sum_insured_limit":"50000000"},
{"Risk_Code":"40401","Name":"Agarbatti Manufacturing","Industrial_Type":"Industrial_Manufacturing_Risks","Zone":[1.73,1.73,1.73,1.73],"Terrorism_Rate":"0.23","Decline":"Yes","Sum_insured_limit":"50000000"},
{"Risk_Code":"40501","Name":"Aircraft Hangers","Industrial_Type":"Industrial_Manufacturing_Risks","Zone":[1.24,1.24,1.24,1.24],"Terrorism_Rate":"0.23","Decline":"No","Sum_insured_limit":"50000000"},
{"Risk_Code":"40601","Name":"Airport Terminal Buildings (including all facilities like Cafes, Shops etc)","Industrial_Type":"Industrial_Manufacturing_Risks","Zone":[0.44,0.44,0.44,0.44],"Terrorism_Rate":"0.23","Decline":"No","Sum_insured_limit":"50000000"},
{"Risk_Code":"40801","Name":"Aluminium Factories","Industrial_Type":"Industrial_Manufacturing_Risks","Zone":[0.78,0.78,0.78,0.78],"Terrorism_Rate":"0.23","Decline":"No","Sum_insured_limit":"50000000"},
{"Risk_Code":"40701","Name":"Aluminium Powder Plants","Industrial_Type":"Industrial_Manufacturing_Risks","Zone":[1,1,1,1],"Terrorism_Rate":"0.23","Decline":"No","Sum_insured_limit":"50000000"},
{"Risk_Code":"30305","Name":"Amusement parks","Industrial_Type":"Non_Industrial_Risks","Zone":[0.9,0.9,0.9,0.9],"Terrorism_Rate":"0.15","Decline":"No","Sum_insured_limit":"50000000"},
{"Risk_Code":"50503","Name":"Analytical / Quality Control Laboratories","Industrial_Type":"Utilities_Located_Outside_The_Compounds_Of_Industrial_Manufacturing_Risks","Zone":[0.67,0.67,0.67,0.67],"Terrorism_Rate":"0.23","Decline":"No","Sum_insured_limit":"50000000"},
{"Risk_Code":"40901","Name":"Arecanut & Betelnut factories","Industrial_Type":"Industrial_Manufacturing_Risks","Zone":[1.18,1.18,1.18,1.18],"Terrorism_Rate":"0.23","Decline":"No","Sum_insured_limit":"50000000"},
{"Risk_Code":"30402","Name":"Arms & Ammunition dealers","Industrial_Type":"Non_Industrial_Risks","Zone":[1.09,1.09,1.09,1.09],"Terrorism_Rate":"0.15","Decline":"No","Sum_insured_limit":"50000000"},
{"Risk_Code":"41001","Name":"Asbestos Steam Packing and lagging manufacturing","Industrial_Type":"Industrial_Manufacturing_Risks","Zone":[0.74,0.74,0.74,0.74],"Terrorism_Rate":"0.23","Decline":"No","Sum_insured_limit":"50000000"},
{"Risk_Code":"41101","Name":"Atta and Cereal Grinding (excluding Dal Mills)","Industrial_Type":"Industrial_Manufacturing_Risks","Zone":[0.85,0.85,0.85,0.85],"Terrorism_Rate":"0.23","Decline":"No","Sum_insured_limit":"50000000"},
{"Risk_Code":"41201","Name":"Audio/Video Cassette Manufacturing","Industrial_Type":"Industrial_Manufacturing_Risks","Zone":[2.14,2.14,2.14,2.14],"Terrorism_Rate":"0.23","Decline":"No","Sum_insured_limit":"50000000"},
{"Risk_Code":"30101","Name":"Auditoriums","Industrial_Type":"Non_Industrial_Risks","Zone":[0.43,0.43,0.43,0.43],"Terrorism_Rate":"0.15","Decline":"No","Sum_insured_limit":"50000000"},
{"Risk_Code":"60901","Name":"Automobile Filter Manufacturing","Industrial_Type":"Industrial_Manufacturing_Risks","Zone":[1.47,1.47,1.47,1.47],"Terrorism_Rate":"0.23","Decline":"No","Sum_insured_limit":"50000000"},
{"Risk_Code":"49302","Name":"Automobile Glass Manufacturing","Industrial_Type":"Industrial_Manufacturing_Risks","Zone":[1.03,1.03,1.03,1.03],"Terrorism_Rate":"0.23","Decline":"No","Sum_insured_limit":"50000000"},
{"Risk_Code":"41301","Name":"Automobile Manufacturing","Industrial_Type":"Industrial_Manufacturing_Risks","Zone":[0.66,0.66,0.66,0.66],"Terrorism_Rate":"0.23","Decline":"No","Sum_insured_limit":"50000000"},
{"Risk_Code":"41401","Name":"Bakeries","Industrial_Type":"Industrial_Manufacturing_Risks","Zone":[0.83,0.83,0.83,0.83],"Terrorism_Rate":"0.23","Decline":"No","Sum_insured_limit":"50000000"},
{"Risk_Code":"72802","Name":"Bank","Industrial_Type":"Non_Industrial_Risks","Zone":[0.4,0.4,0.4,0.4],"Terrorism_Rate":"0.15","Decline":"No","Sum_insured_limit":"50000000"},
{"Risk_Code":"41501","Name":"Basket Weavers and Cane Furniture Makers","Industrial_Type":"Industrial_Manufacturing_Risks","Zone":[2.69,2.69,2.69,2.69],"Terrorism_Rate":"0.23","Decline":"Yes","Sum_insured_limit":"50000000"},
{"Risk_Code":"30303","Name":"Battery Charging Service Stations","Industrial_Type":"Non_Industrial_Risks","Zone":[1.07,1.07,1.07,1.07],"Terrorism_Rate":"0.15","Decline":"No","Sum_insured_limit":"50000000"},
{"Risk_Code":"41601","Name":"Battery Manufacturing","Industrial_Type":"Industrial_Manufacturing_Risks","Zone":[0.78,0.78,0.78,0.78],"Terrorism_Rate":"0.23","Decline":"No","Sum_insured_limit":"50000000"},
{"Risk_Code":"41701","Name":"Beedi Factories","Industrial_Type":"Industrial_Manufacturing_Risks","Zone":[1.41,1.41,1.41,1.41],"Terrorism_Rate":"0.23","Decline":"Yes","Sum_insured_limit":"50000000"},
{"Risk_Code":"41801","Name":"Biscuit Factories","Industrial_Type":"Industrial_Manufacturing_Risks","Zone":[0.81,0.81,0.81,0.81],"Terrorism_Rate":"0.23","Decline":"No","Sum_insured_limit":"50000000"},
{"Risk_Code":"41901","Name":"Bitumenised Paper and / or Hessian Cloth Manufacturing including Tar Felt Manufacturing","Industrial_Type":"Industrial_Manufacturing_Risks","Zone":[1.46,1.46,1.46,1.46],"Terrorism_Rate":"0.23","Decline":"No","Sum_insured_limit":"50000000"},
{"Risk_Code":"50602","Name":"Boiler House","Industrial_Type":"Utilities_Located_Outside_The_Compounds_Of_Industrial_Manufacturing_Risks","Zone":[0.59,0.59,0.59,0.59],"Terrorism_Rate":"0.23","Decline":"No","Sum_insured_limit":"50000000"},
{"Risk_Code":"42001","Name":"Book Binders, Envelope and Paper Bag Manufacturing","Industrial_Type":"Industrial_Manufacturing_Risks","Zone":[1.23,1.23,1.23,1.23],"Terrorism_Rate":"0.23","Decline":"No","Sum_insured_limit":"50000000"},
{"Risk_Code":"52011","Name":"Boundary walls made of combustible material","Industrial_Type":"Utilities_Located_Outside_The_Compounds_Of_Industrial_Manufacturing_Risks","Zone":[1.85,1.85,1.85,1.85],"Terrorism_Rate":"0.23","Decline":"No","Sum_insured_limit":"50000000"},
{"Risk_Code":"52002","Name":"Boundary walls made of other material","Industrial_Type":"Utilities_Located_Outside_The_Compounds_Of_Industrial_Manufacturing_Risks","Zone":[0.9,0.9,0.9,0.9],"Terrorism_Rate":"0.23","Decline":"No","Sum_insured_limit":"50000000"},
{"Risk_Code":"42101","Name":"Breweries","Industrial_Type":"Industrial_Manufacturing_Risks","Zone":[1.08,1.08,1.08,1.08],"Terrorism_Rate":"0.23","Decline":"No","Sum_insured_limit":"50000000"},
{"Risk_Code":"42201","Name":"Brickworks (including refractories and fire bricks)","Industrial_Type":"Industrial_Manufacturing_Risks","Zone":[0.55,0.55,0.55,0.55],"Terrorism_Rate":"0.23","Decline":"No","Sum_insured_limit":"50000000"},
{"Risk_Code":"42301","Name":"Bridges - Concrete/Steel","Industrial_Type":"Industrial_Manufacturing_Risks","Zone":[0.33,0.33,0.33,0.33],"Terrorism_Rate":"0.23","Decline":"No","Sum_insured_limit":"50000000"},
{"Risk_Code":"42401","Name":"Bridges-Wooden","Industrial_Type":"Industrial_Manufacturing_Risks","Zone":[1.13,1.13,1.13,1.13],"Terrorism_Rate":"0.23","Decline":"No","Sum_insured_limit":"50000000"},
{"Risk_Code":"42501","Name":"Buildings (including flats/houses) in course of construction","Industrial_Type":"Industrial_Manufacturing_Risks","Zone":[0.33,0.33,0.33,0.33],"Terrorism_Rate":"0.23","Decline":"No","Sum_insured_limit":"50000000"},
{"Risk_Code":"44302","Name":"Bulk Drug Manufacturing,","Industrial_Type":"Industrial_Manufacturing_Risks","Zone":[1.48,1.48,1.48,1.48],"Terrorism_Rate":"0.23","Decline":"Yes","Sum_insured_limit":"50000000"},
{"Risk_Code":"62005","Name":"Bus terminals - Covered","Industrial_Type":"Storage_Risks_Located_Outside_The_Compounds_Of_Industrial_Manufacturing_Risks","Zone":[3.65,3.65,3.65,3.65],"Terrorism_Rate":"0.23","Decline":"Yes","Sum_insured_limit":"50000000"},
{"Risk_Code":"62004","Name":"Bus terminals - Open","Industrial_Type":"Storage_Risks_Located_Outside_The_Compounds_Of_Industrial_Manufacturing_Risks","Zone":[3.65,3.65,3.65,3.65],"Terrorism_Rate":"0.23","Decline":"No","Sum_insured_limit":"50000000"},
{"Risk_Code":"42601","Name":"Cable Manufacturing","Industrial_Type":"Industrial_Manufacturing_Risks","Zone":[1.14,1.14,1.14,1.14],"Terrorism_Rate":"0.23","Decline":"No","Sum_insured_limit":"50000000"},
{"Risk_Code":"30201","Name":"Cafes","Industrial_Type":"Non_Industrial_Risks","Zone":[0.4,0.4,0.4,0.4],"Terrorism_Rate":"0.15","Decline":"No","Sum_insured_limit":"50000000"},
{"Risk_Code":"42701","Name":"Camphor Manufacturing","Industrial_Type":"Industrial_Manufacturing_Risks","Zone":[1.64,1.64,1.64,1.64],"Terrorism_Rate":"0.23","Decline":"Yes","Sum_insured_limit":"50000000"},
{"Risk_Code":"42801","Name":"Candle Works","Industrial_Type":"Industrial_Manufacturing_Risks","Zone":[1.73,1.73,1.73,1.73],"Terrorism_Rate":"0.23","Decline":"Yes","Sum_insured_limit":"50000000"},
{"Risk_Code":"42901","Name":"Canning Factories","Industrial_Type":"Industrial_Manufacturing_Risks","Zone":[0.98,0.98,0.98,0.98],"Terrorism_Rate":"0.23","Decline":"No","Sum_insured_limit":"50000000"},
{"Risk_Code":"43001","Name":"Capsule Manufacturing","Industrial_Type":"Industrial_Manufacturing_Risks","Zone":[0.79,0.79,0.79,0.79],"Terrorism_Rate":"0.23","Decline":"No","Sum_insured_limit":"50000000"},
{"Risk_Code":"43101","Name":"Carbon paper Manufacturing","Industrial_Type":"Industrial_Manufacturing_Risks","Zone":[1.46,1.46,1.46,1.46],"Terrorism_Rate":"0.23","Decline":"No","Sum_insured_limit":"50000000"},
{"Risk_Code":"43201","Name":"Cardamom Factories","Industrial_Type":"Industrial_Manufacturing_Risks","Zone":[1.13,1.13,1.13,1.13],"Terrorism_Rate":"0.23","Decline":"No","Sum_insured_limit":"50000000"},
{"Risk_Code":"43301","Name":"Cardboard Box Manufacturing","Industrial_Type":"Industrial_Manufacturing_Risks","Zone":[1.51,1.51,1.51,1.51],"Terrorism_Rate":"0.23","Decline":"Yes","Sum_insured_limit":"50000000"},
{"Risk_Code":"43401","Name":"Carpenters, Furniture Manufacturing","Industrial_Type":"Industrial_Manufacturing_Risks","Zone":[1.59,1.59,1.59,1.59],"Terrorism_Rate":"0.23","Decline":"Yes","Sum_insured_limit":"50000000"},
{"Risk_Code":"43601","Name":"Carpet and Drugget Manufacturing (Others)","Industrial_Type":"Industrial_Manufacturing_Risks","Zone":[1.75,1.75,1.75,1.75],"Terrorism_Rate":"0.23","Decline":"Yes","Sum_insured_limit":"50000000"},
{"Risk_Code":"43501","Name":"Carpet and Drugget Manufacturing(Cotton/jute/wool)","Industrial_Type":"Industrial_Manufacturing_Risks","Zone":[1.85,1.85,1.85,1.85],"Terrorism_Rate":"0.23","Decline":"Yes","Sum_insured_limit":"50000000"},
{"Risk_Code":"43701","Name":"Cashew Nut Factory","Industrial_Type":"Industrial_Manufacturing_Risks","Zone":[1.06,1.06,1.06,1.06],"Terrorism_Rate":"0.23","Decline":"No","Sum_insured_limit":"50000000"},
{"Risk_Code":"43801","Name":"Cattle feed Mill","Industrial_Type":"Industrial_Manufacturing_Risks","Zone":[0.74,0.74,0.74,0.74],"Terrorism_Rate":"0.23","Decline":"No","Sum_insured_limit":"50000000"},
{"Risk_Code":"43901","Name":"Celluloid Goods Manufacturing","Industrial_Type":"Industrial_Manufacturing_Risks","Zone":[9.16,9.16,9.16,9.16],"Terrorism_Rate":"0.23","Decline":"Yes","Sum_insured_limit":"50000000"},
{"Risk_Code":"44001","Name":"Cement / asbestos/concrete products Manufacturing","Industrial_Type":"Industrial_Manufacturing_Risks","Zone":[0.64,0.64,0.64,0.64],"Terrorism_Rate":"0.23","Decline":"No","Sum_insured_limit":"50000000"},
{"Risk_Code":"44101","Name":"Cement Factories","Industrial_Type":"Industrial_Manufacturing_Risks","Zone":[0.81,0.81,0.81,0.81],"Terrorism_Rate":"0.23","Decline":"No","Sum_insured_limit":"50000000"},
{"Risk_Code":"44201","Name":"Ceramic Factories and Crockery and Stoneware pipe Manufacturing","Industrial_Type":"Industrial_Manufacturing_Risks","Zone":[0.9,0.9,0.9,0.9],"Terrorism_Rate":"0.23","Decline":"No","Sum_insured_limit":"50000000"},
{"Risk_Code":"44501","Name":"Cigar and Cigarette Manufacturing","Industrial_Type":"Industrial_Manufacturing_Risks","Zone":[0.97,0.97,0.97,0.97],"Terrorism_Rate":"0.23","Decline":"Yes","Sum_insured_limit":"50000000"},
{"Risk_Code":"44701","Name":"Cigarette Filter Manufacturing (Others)","Industrial_Type":"Industrial_Manufacturing_Risks","Zone":[1.58,1.58,1.58,1.58],"Terrorism_Rate":"0.23","Decline":"Yes","Sum_insured_limit":"50000000"},
{"Risk_Code":"44601","Name":"Cigarette Filter Manufacturing (Using Solvents with Flash Point below 32OC )","Industrial_Type":"Industrial_Manufacturing_Risks","Zone":[2.57,2.57,2.57,2.57],"Terrorism_Rate":"0.23","Decline":"Yes","Sum_insured_limit":"50000000"},
{"Risk_Code":"44902","Name":"Cinema Film Processing and Sound recording rooms","Industrial_Type":"Industrial_Manufacturing_Risks","Zone":[2.67,2.67,2.67,2.67],"Terrorism_Rate":"0.23","Decline":"No","Sum_insured_limit":"50000000"},
{"Risk_Code":"44801","Name":"Cinema Film Production Studios","Industrial_Type":"Industrial_Manufacturing_Risks","Zone":[2.67,2.67,2.67,2.67],"Terrorism_Rate":"0.23","Decline":"No","Sum_insured_limit":"50000000"},
{"Risk_Code":"45102","Name":"Cinema Theatres (For single screen)","Industrial_Type":"Industrial_Manufacturing_Risks","Zone":[0.54,0.54,0.54,0.54],"Terrorism_Rate":"0.23","Decline":"No","Sum_insured_limit":"50000000"},
{"Risk_Code":"45101","Name":"Cinema Theatres and Multiplex complex","Industrial_Type":"Industrial_Manufacturing_Risks","Zone":[0.89,0.89,0.89,0.89],"Terrorism_Rate":"0.23","Decline":"No","Sum_insured_limit":"50000000"},
{"Risk_Code":"44901","Name":"Cinematography Film Editing, Laboratory and Sound recording rooms where Film processing is carried out","Industrial_Type":"Industrial_Manufacturing_Risks","Zone":[0.85,0.85,0.85,0.85],"Terrorism_Rate":"0.23","Decline":"No","Sum_insured_limit":"50000000"},
{"Risk_Code":"45001","Name":"Cinematography Film Editing, Laboratory and Sound recording rooms without Film processing","Industrial_Type":"Industrial_Manufacturing_Risks","Zone":[0.75,0.75,0.75,0.75],"Terrorism_Rate":"0.23","Decline":"No","Sum_insured_limit":"50000000"},
{"Risk_Code":"45201","Name":"Circus, Touring Drama Troupes and Touring Cinema Theatres","Industrial_Type":"Industrial_Manufacturing_Risks","Zone":[6.19,6.19,6.19,6.19],"Terrorism_Rate":"0.23","Decline":"Yes","Sum_insured_limit":"50000000"},
{"Risk_Code":"44202","Name":"Clay Works","Industrial_Type":"Industrial_Manufacturing_Risks","Zone":[0.9,0.9,0.9,0.9],"Terrorism_Rate":"0.23","Decline":"No","Sum_insured_limit":"50000000"},
{"Risk_Code":"47603","Name":"Clock/Watch Manufacturing","Industrial_Type":"Industrial_Manufacturing_Risks","Zone":[0.25,0.25,0.25,0.25],"Terrorism_Rate":"0.23","Decline":"No","Sum_insured_limit":"50000000"},
{"Risk_Code":"45301","Name":"Cloth Processing Units","Industrial_Type":"Industrial_Manufacturing_Risks","Zone":[1.21,1.21,1.21,1.21],"Terrorism_Rate":"0.23","Decline":"Yes","Sum_insured_limit":"50000000"},
{"Risk_Code":"30103","Name":"Clubs","Industrial_Type":"Non_Industrial_Risks","Zone":[0.36,0.36,0.36,0.36],"Terrorism_Rate":"0.15","Decline":"No","Sum_insured_limit":"50000000"},
{"Risk_Code":"30405","Name":"CNG Installations in Petrol/ Diesel Kiosks","Industrial_Type":"Non_Industrial_Risks","Zone":[1.21,1.21,1.21,1.21],"Terrorism_Rate":"0.15","Decline":"No","Sum_insured_limit":"50000000"},
{"Risk_Code":"45501","Name":"Coal Processing Plants","Industrial_Type":"Industrial_Manufacturing_Risks","Zone":[0.89,0.89,0.89,0.89],"Terrorism_Rate":"0.23","Decline":"Yes","Sum_insured_limit":"50000000"},
{"Risk_Code":"45401","Name":"Coal/Coke/Charcoal ball & briquettes Manufacturing","Industrial_Type":"Industrial_Manufacturing_Risks","Zone":[1.71,1.71,1.71,1.71],"Terrorism_Rate":"0.23","Decline":"No","Sum_insured_limit":"50000000"},
{"Risk_Code":"45601","Name":"Coffee Curing, Roasting / Grinding","Industrial_Type":"Industrial_Manufacturing_Risks","Zone":[0.77,0.77,0.77,0.77],"Terrorism_Rate":"0.23","Decline":"No","Sum_insured_limit":"50000000"},
{"Risk_Code":"62501","Name":"Cold Storage premises","Industrial_Type":"Storage_Risks_Located_Outside_The_Compounds_Of_Industrial_Manufacturing_Risks","Zone":[1.18,1.18,1.18,1.18],"Terrorism_Rate":"0.23","Decline":"No","Sum_insured_limit":"50000000"},
{"Risk_Code":"30104","Name":"Colleges","Industrial_Type":"Non_Industrial_Risks","Zone":[0.35,0.35,0.35,0.35],"Terrorism_Rate":"0.15","Decline":"No","Sum_insured_limit":"50000000"},
{"Risk_Code":"45801","Name":"Collieries - underground Machinery and pit head gear/Drag line Machine","Industrial_Type":"Industrial_Manufacturing_Risks","Zone":[1.59,1.59,1.59,1.59],"Terrorism_Rate":"0.23","Decline":"Yes","Sum_insured_limit":"50000000"},
{"Risk_Code":"58901","Name":"Composite Textile Mills","Industrial_Type":"Industrial_Manufacturing_Risks","Zone":[1.73,1.73,1.73,1.73],"Terrorism_Rate":"0.23","Decline":"Yes","Sum_insured_limit":"50000000"},
{"Risk_Code":"52111","Name":"Compressor (others)","Industrial_Type":"Utilities_Located_Outside_The_Compounds_Of_Industrial_Manufacturing_Risks","Zone":[2.43,2.43,2.43,2.43],"Terrorism_Rate":"0.23","Decline":"No","Sum_insured_limit":"50000000"},
{"Risk_Code":"52102","Name":"Compressors handling air, Inert Gas and CO2","Industrial_Type":"Utilities_Located_Outside_The_Compounds_Of_Industrial_Manufacturing_Risks","Zone":[0.92,0.92,0.92,0.92],"Terrorism_Rate":"0.23","Decline":"No","Sum_insured_limit":"50000000"},
{"Risk_Code":"45901","Name":"Condensed Milk Factories, Milk Pasturisings Plants and Dairies","Industrial_Type":"Industrial_Manufacturing_Risks","Zone":[0.64,0.64,0.64,0.64],"Terrorism_Rate":"0.23","Decline":"No","Sum_insured_limit":"50000000"},
{"Risk_Code":"30203","Name":"Confectioner & Sweet meat sellers","Industrial_Type":"Non_Industrial_Risks","Zone":[0.4,0.4,0.4,0.4],"Terrorism_Rate":"0.15","Decline":"No","Sum_insured_limit":"50000000"},
{"Risk_Code":"46001","Name":"Confectionery Manufacturing","Industrial_Type":"Industrial_Manufacturing_Risks","Zone":[0.94,0.94,0.94,0.94],"Terrorism_Rate":"0.23","Decline":"No","Sum_insured_limit":"50000000"},
{"Risk_Code":"46102","Name":"Contractor’s Plant and Machinery owned by a contractor at multiple locations","Industrial_Type":"Industrial_Manufacturing_Risks","Zone":[1.07,1.07,1.07,1.07],"Terrorism_Rate":"0.23","Decline":"No","Sum_insured_limit":"50000000"},
{"Risk_Code":"46101","Name":"Contractor’s Plant and Machinery owned by a contractor at one location only","Industrial_Type":"Industrial_Manufacturing_Risks","Zone":[1.01,1.01,1.01,1.01],"Terrorism_Rate":"0.23","Decline":"No","Sum_insured_limit":"50000000"},
{"Risk_Code":"40803","Name":"Copper Factories","Industrial_Type":"Industrial_Manufacturing_Risks","Zone":[0.78,0.78,0.78,0.78],"Terrorism_Rate":"0.23","Decline":"No","Sum_insured_limit":"50000000"},
{"Risk_Code":"46201","Name":"Cork Products Manufacturing","Industrial_Type":"Industrial_Manufacturing_Risks","Zone":[2.19,2.19,2.19,2.19],"Terrorism_Rate":"0.23","Decline":"Yes","Sum_insured_limit":"50000000"},
{"Risk_Code":"46401","Name":"Cotton Seed cleaning / Delinting Factory","Industrial_Type":"Industrial_Manufacturing_Risks","Zone":[2.05,2.05,2.05,2.05],"Terrorism_Rate":"0.23","Decline":"Yes","Sum_insured_limit":"50000000"},
{"Risk_Code":"30105","Name":"Cycle Shed","Industrial_Type":"Non_Industrial_Risks","Zone":[0.37,0.37,0.37,0.37],"Terrorism_Rate":"0.15","Decline":"No","Sum_insured_limit":"50000000"},
{"Risk_Code":"49802","Name":"Dal mills","Industrial_Type":"Industrial_Manufacturing_Risks","Zone":[0.32,0.32,0.32,0.32],"Terrorism_Rate":"0.23","Decline":"No","Sum_insured_limit":"50000000"},
{"Risk_Code":"50702","Name":"Dam","Industrial_Type":"Utilities_Located_Outside_The_Compounds_Of_Industrial_Manufacturing_Risks","Zone":[0.51,0.51,0.51,0.51],"Terrorism_Rate":"0.23","Decline":"No","Sum_insured_limit":"50000000"},
{"Risk_Code":"30102","Name":"Data Processing / Call centers / Business Process Outsourcing Centres","Industrial_Type":"Non_Industrial_Risks","Zone":[0.29,0.29,0.29,0.29],"Terrorism_Rate":"0.15","Decline":"No","Sum_insured_limit":"50000000"},
{"Risk_Code":"46501","Name":"Dehydration Factories","Industrial_Type":"Industrial_Manufacturing_Risks","Zone":[0.82,0.82,0.82,0.82],"Terrorism_Rate":"0.23","Decline":"No","Sum_insured_limit":"50000000"},
{"Risk_Code":"46701","Name":"Detergent Manufacturing (Others)","Industrial_Type":"Industrial_Manufacturing_Risks","Zone":[1.39,1.39,1.39,1.39],"Terrorism_Rate":"0.23","Decline":"No","Sum_insured_limit":"50000000"},
{"Risk_Code":"46601","Name":"Detergent Manufacturing with Sulphonation Plant","Industrial_Type":"Industrial_Manufacturing_Risks","Zone":[1.33,1.33,1.33,1.33],"Terrorism_Rate":"0.23","Decline":"No","Sum_insured_limit":"50000000"},
{"Risk_Code":"30106","Name":"Dish Antenna","Industrial_Type":"Non_Industrial_Risks","Zone":[0.38,0.38,0.38,0.38],"Terrorism_Rate":"0.15","Decline":"No","Sum_insured_limit":"50000000"},
{"Risk_Code":"54403","Name":"Disposable Diaper manufacturing","Industrial_Type":"Industrial_Manufacturing_Risks","Zone":[1.47,1.47,1.47,1.47],"Terrorism_Rate":"0.23","Decline":"No","Sum_insured_limit":"50000000"},
{"Risk_Code":"46801","Name":"Distilleries","Industrial_Type":"Industrial_Manufacturing_Risks","Zone":[1.01,1.01,1.01,1.01],"Terrorism_Rate":"0.23","Decline":"No","Sum_insured_limit":"50000000"},
{"Risk_Code":"30304","Name":"Dry Cleaning","Industrial_Type":"Non_Industrial_Risks","Zone":[0.64,0.64,0.64,0.64],"Terrorism_Rate":"0.15","Decline":"No","Sum_insured_limit":"50000000"},
{"Risk_Code":"46901","Name":"Duplicating/stencil paper Manufacturing","Industrial_Type":"Industrial_Manufacturing_Risks","Zone":[1.97,1.97,1.97,1.97],"Terrorism_Rate":"0.23","Decline":"No","Sum_insured_limit":"50000000"},
{"Risk_Code":"30108","Name":"Educational and Research Institutes","Industrial_Type":"Non_Industrial_Risks","Zone":[0.39,0.39,0.39,0.39],"Terrorism_Rate":"0.15","Decline":"No","Sum_insured_limit":"50000000"},
{"Risk_Code":"50802","Name":"Effluent /Sewage Treatment Plant","Industrial_Type":"Utilities_Located_Outside_The_Compounds_Of_Industrial_Manufacturing_Risks","Zone":[0.83,0.83,0.83,0.83],"Terrorism_Rate":"0.23","Decline":"No","Sum_insured_limit":"50000000"},
{"Risk_Code":"52003","Name":"Electric Crematoriums","Industrial_Type":"Utilities_Located_Outside_The_Compounds_Of_Industrial_Manufacturing_Risks","Zone":[0.81,0.81,0.81,0.81],"Terrorism_Rate":"0.23","Decline":"No","Sum_insured_limit":"50000000"},
{"Risk_Code":"47005","Name":"Electric Generation Stations - Combined Cycle Power Plant / Gas based Power Plants","Industrial_Type":"Industrial_Manufacturing_Risks","Zone":[0.87,0.87,0.87,0.87],"Terrorism_Rate":"0.23","Decline":"Yes","Sum_insured_limit":"50000000"},
{"Risk_Code":"47001","Name":"Electric Generation Stations - Hydro Power station","Industrial_Type":"Industrial_Manufacturing_Risks","Zone":[0.59,0.59,0.59,0.59],"Terrorism_Rate":"0.23","Decline":"No","Sum_insured_limit":"50000000"},
{"Risk_Code":"47007","Name":"Electric Generation Stations - Nuclear Power Station","Industrial_Type":"Industrial_Manufacturing_Risks","Zone":[0.74,0.74,0.74,0.74],"Terrorism_Rate":"0.23","Decline":"Yes","Sum_insured_limit":"50000000"},
{"Risk_Code":"47006","Name":"Electric Generation Stations - others","Industrial_Type":"Industrial_Manufacturing_Risks","Zone":[0.74,0.74,0.74,0.74],"Terrorism_Rate":"0.23","Decline":"No","Sum_insured_limit":"50000000"},
{"Risk_Code":"47002","Name":"Electric Generation Stations - Solar Power Plant","Industrial_Type":"Industrial_Manufacturing_Risks","Zone":[0.79,0.79,0.79,0.79],"Terrorism_Rate":"0.23","Decline":"No","Sum_insured_limit":"50000000"},
{"Risk_Code":"47003","Name":"Electric Generation Stations - Thermal Power Plant","Industrial_Type":"Industrial_Manufacturing_Risks","Zone":[0.57,0.57,0.57,0.57],"Terrorism_Rate":"0.23","Decline":"No","Sum_insured_limit":"50000000"},
{"Risk_Code":"47004","Name":"Electric Generation Stations - Wind Mill","Industrial_Type":"Industrial_Manufacturing_Risks","Zone":[0.4,0.4,0.4,0.4],"Terrorism_Rate":"0.23","Decline":"No","Sum_insured_limit":"50000000"},
{"Risk_Code":"47101","Name":"Electric Lamp /T.V. Picture Tube Manufacturing","Industrial_Type":"Industrial_Manufacturing_Risks","Zone":[1,1,1,1],"Terrorism_Rate":"0.23","Decline":"No","Sum_insured_limit":"50000000"},
{"Risk_Code":"50902","Name":"Electric Sub Station","Industrial_Type":"Utilities_Located_Outside_The_Compounds_Of_Industrial_Manufacturing_Risks","Zone":[0.41,0.41,0.41,0.41],"Terrorism_Rate":"0.23","Decline":"No","Sum_insured_limit":"50000000"},
{"Risk_Code":"51002","Name":"Electric Transmission / Distribution Lines","Industrial_Type":"Utilities_Located_Outside_The_Compounds_Of_Industrial_Manufacturing_Risks","Zone":[0.3,0.3,0.3,0.3],"Terrorism_Rate":"0.23","Decline":"No","Sum_insured_limit":"50000000"},
{"Risk_Code":"47201","Name":"Electronic Goods Manufacturing /Assembly","Industrial_Type":"Industrial_Manufacturing_Risks","Zone":[0.95,0.95,0.95,0.95],"Terrorism_Rate":"0.23","Decline":"No","Sum_insured_limit":"50000000"},
{"Risk_Code":"47301","Name":"Electronic Software Development Unit/s","Industrial_Type":"Industrial_Manufacturing_Risks","Zone":[0.18,0.18,0.18,0.18],"Terrorism_Rate":"0.23","Decline":"No","Sum_insured_limit":"50000000"},
{"Risk_Code":"47401","Name":"Enamel-ware factories","Industrial_Type":"Industrial_Manufacturing_Risks","Zone":[1.18,1.18,1.18,1.18],"Terrorism_Rate":"0.23","Decline":"No","Sum_insured_limit":"50000000"},
{"Risk_Code":"47503","Name":"Engineering Workshop - (Forging Mills, Metal smelting, Foundries)","Industrial_Type":"Industrial_Manufacturing_Risks","Zone":[0.49,0.49,0.49,0.49],"Terrorism_Rate":"0.23","Decline":"No","Sum_insured_limit":"50000000"},
{"Risk_Code":"47509","Name":"Engineering Workshop - (Hot/Cold Rolling)","Industrial_Type":"Industrial_Manufacturing_Risks","Zone":[0.49,0.49,0.49,0.49],"Terrorism_Rate":"0.23","Decline":"No","Sum_insured_limit":"50000000"},
{"Risk_Code":"47504","Name":"Engineering Workshop - (Hot/Cold Rolling, Galvanising works)","Industrial_Type":"Industrial_Manufacturing_Risks","Zone":[0.49,0.49,0.49,0.49],"Terrorism_Rate":"0.23","Decline":"No","Sum_insured_limit":"50000000"},
{"Risk_Code":"47505","Name":"Engineering Workshop - (Metal Extraction, Ore processing (other than Aluminum, Copper, Zinc))","Industrial_Type":"Industrial_Manufacturing_Risks","Zone":[0.49,0.49,0.49,0.49],"Terrorism_Rate":"0.23","Decline":"No","Sum_insured_limit":"50000000"},
{"Risk_Code":"47507","Name":"Engineering Workshop - (Plant processing raw sand into silica)","Industrial_Type":"Industrial_Manufacturing_Risks","Zone":[0.49,0.49,0.49,0.49],"Terrorism_Rate":"0.23","Decline":"No","Sum_insured_limit":"50000000"},
{"Risk_Code":"47502","Name":"Engineering Workshop - (Sheet Metal fabricators,Stamping, Pressing,Pipe Extruding)","Industrial_Type":"Industrial_Manufacturing_Risks","Zone":[0.49,0.49,0.49,0.49],"Terrorism_Rate":"0.23","Decline":"No","Sum_insured_limit":"50000000"},
{"Risk_Code":"47506","Name":"Engineering Workshop - (Steel Plant/ Integrated Steel plant)","Industrial_Type":"Industrial_Manufacturing_Risks","Zone":[0.49,0.49,0.49,0.49],"Terrorism_Rate":"0.23","Decline":"No","Sum_insured_limit":"50000000"},
{"Risk_Code":"47501","Name":"Engineering Workshop - (Structural Steel fabricators)","Industrial_Type":"Industrial_Manufacturing_Risks","Zone":[0.49,0.49,0.49,0.49],"Terrorism_Rate":"0.23","Decline":"No","Sum_insured_limit":"50000000"},
{"Risk_Code":"47512","Name":"Engineering Workshop - Forging Mills","Industrial_Type":"Industrial_Manufacturing_Risks","Zone":[0.49,0.49,0.49,0.49],"Terrorism_Rate":"0.23","Decline":"No","Sum_insured_limit":"50000000"},
{"Risk_Code":"47513","Name":"Engineering Workshop - Foundries","Industrial_Type":"Industrial_Manufacturing_Risks","Zone":[0.49,0.49,0.49,0.49],"Terrorism_Rate":"0.23","Decline":"No","Sum_insured_limit":"50000000"},
{"Risk_Code":"47511","Name":"Engineering Workshop - Galvanising works","Industrial_Type":"Industrial_Manufacturing_Risks","Zone":[0.49,0.49,0.49,0.49],"Terrorism_Rate":"0.23","Decline":"No","Sum_insured_limit":"50000000"},
{"Risk_Code":"47510","Name":"Engineering Workshop - Metal Extraction","Industrial_Type":"Industrial_Manufacturing_Risks","Zone":[0.49,0.49,0.49,0.49],"Terrorism_Rate":"0.23","Decline":"No","Sum_insured_limit":"50000000"},
{"Risk_Code":"47508","Name":"Engineering Workshop - Metal smelting","Industrial_Type":"Industrial_Manufacturing_Risks","Zone":[0.49,0.49,0.49,0.49],"Terrorism_Rate":"0.23","Decline":"No","Sum_insured_limit":"50000000"},
{"Risk_Code":"47514","Name":"Engineering Workshop - Ore processing & Furnaces","Industrial_Type":"Industrial_Manufacturing_Risks","Zone":[0.49,0.49,0.49,0.49],"Terrorism_Rate":"0.23","Decline":"No","Sum_insured_limit":"50000000"},
{"Risk_Code":"47602","Name":"Engineering Workshop (Others)","Industrial_Type":"Industrial_Manufacturing_Risks","Zone":[0.25,0.25,0.25,0.25],"Terrorism_Rate":"0.23","Decline":"No","Sum_insured_limit":"50000000"},
{"Risk_Code":"47515","Name":"Engineering workshop Ferro plants","Industrial_Type":"Industrial_Manufacturing_Risks","Zone":[0.49,0.49,0.49,0.49],"Terrorism_Rate":"0.23","Decline":"No","Sum_insured_limit":"50000000"},
{"Risk_Code":"47516","Name":"Engineering workshop manufacturing of Daimonds","Industrial_Type":"Industrial_Manufacturing_Risks","Zone":[0.25,0.25,0.25,0.25],"Terrorism_Rate":"0.23","Decline":"No","Sum_insured_limit":"50000000"},
{"Risk_Code":"47702","Name":"Exhibitions,Fetes & Mandaps","Industrial_Type":"Industrial_Manufacturing_Risks","Zone":[3.08,3.08,3.08,3.08],"Terrorism_Rate":"0.23","Decline":"Yes","Sum_insured_limit":"50000000"},
{"Risk_Code":"47801","Name":"Explosives / Blasting Factories","Industrial_Type":"Industrial_Manufacturing_Risks","Zone":[2.33,2.33,2.33,2.33],"Terrorism_Rate":"0.23","Decline":"Yes","Sum_insured_limit":"50000000"},
{"Risk_Code":"47901","Name":"Fertiliser Manufacturing (other than those rateable under Petrochemical Tariff)","Industrial_Type":"Industrial_Manufacturing_Risks","Zone":[1.23,1.23,1.23,1.23],"Terrorism_Rate":"0.23","Decline":"No","Sum_insured_limit":"50000000"},
{"Risk_Code":"48001","Name":"Filter and wax paper Manufacturing","Industrial_Type":"Industrial_Manufacturing_Risks","Zone":[2.05,2.05,2.05,2.05],"Terrorism_Rate":"0.23","Decline":"Yes","Sum_insured_limit":"50000000"},
{"Risk_Code":"48101","Name":"Fireworks Manufacturing","Industrial_Type":"Industrial_Manufacturing_Risks","Zone":[2.55,2.55,2.55,2.55],"Terrorism_Rate":"0.23","Decline":"Yes","Sum_insured_limit":"50000000"},
{"Risk_Code":"48201","Name":"Flax / Hemp Mills","Industrial_Type":"Industrial_Manufacturing_Risks","Zone":[1.37,1.37,1.37,1.37],"Terrorism_Rate":"0.23","Decline":"No","Sum_insured_limit":"50000000"},
{"Risk_Code":"48301","Name":"Flour Mills","Industrial_Type":"Industrial_Manufacturing_Risks","Zone":[1.44,1.44,1.44,1.44],"Terrorism_Rate":"0.23","Decline":"No","Sum_insured_limit":"50000000"},
{"Risk_Code":"48501","Name":"Foam Rubber Manufacturing","Industrial_Type":"Industrial_Manufacturing_Risks","Zone":[2.52,2.52,2.52,2.52],"Terrorism_Rate":"0.23","Decline":"Yes","Sum_insured_limit":"50000000"},
{"Risk_Code":"48401","Name":"Foamed Plastics Manufacturing and / or converting plants","Industrial_Type":"Industrial_Manufacturing_Risks","Zone":[2.7,2.7,2.7,2.7],"Terrorism_Rate":"0.23","Decline":"Yes","Sum_insured_limit":"50000000"},
{"Risk_Code":"48702","Name":"Food processing units","Industrial_Type":"Industrial_Manufacturing_Risks","Zone":[1.21,1.21,1.21,1.21],"Terrorism_Rate":"0.23","Decline":"No","Sum_insured_limit":"50000000"},
{"Risk_Code":"48601","Name":"French Polish Manufacturing","Industrial_Type":"Industrial_Manufacturing_Risks","Zone":[2.73,2.73,2.73,2.73],"Terrorism_Rate":"0.23","Decline":"Yes","Sum_insured_limit":"50000000"},
{"Risk_Code":"48701","Name":"Fruit and vegetable drying/dehydrating factories","Industrial_Type":"Industrial_Manufacturing_Risks","Zone":[1,1,1,1],"Terrorism_Rate":"0.23","Decline":"No","Sum_insured_limit":"50000000"},
{"Risk_Code":"48801","Name":"Fruit products and Condiment Factories (including fruit pulp making)","Industrial_Type":"Industrial_Manufacturing_Risks","Zone":[0.77,0.77,0.77,0.77],"Terrorism_Rate":"0.23","Decline":"No","Sum_insured_limit":"50000000"},
{"Risk_Code":"48901","Name":"Garment Makers, Topee, Hats and the like makers","Industrial_Type":"Industrial_Manufacturing_Risks","Zone":[0.37,0.37,0.37,0.37],"Terrorism_Rate":"0.23","Decline":"No","Sum_insured_limit":"50000000"},
{"Risk_Code":"72301","Name":"Gas Holders/ Bullets/spheres storages of liquified except for Nitrogen, CO2 and inert gases","Industrial_Type":"Tank_Farms_Gas_Holders_Located_Outside_The_Compounds_Of_Industrial_Manufacturing_Risks","Zone":[2.3,2.3,2.3,2.3],"Terrorism_Rate":"0.23","Decline":"Yes","Sum_insured_limit":"50000000"},
{"Risk_Code":"72401","Name":"Gas Holders/ Vessels for Nitrogen, Carbon dioxide and inert gases","Industrial_Type":"Tank_Farms_Gas_Holders_Located_Outside_The_Compounds_Of_Industrial_Manufacturing_Risks","Zone":[1.13,1.13,1.13,1.13],"Terrorism_Rate":"0.23","Decline":"No","Sum_insured_limit":"50000000"},
{"Risk_Code":"49001","Name":"Ghee Factories including vegetable Ghee mfg","Industrial_Type":"Industrial_Manufacturing_Risks","Zone":[1.3,1.3,1.3,1.3],"Terrorism_Rate":"0.23","Decline":"No","Sum_insured_limit":"50000000"},
{"Risk_Code":"49101","Name":"Glass Fibre Manufacturing","Industrial_Type":"Industrial_Manufacturing_Risks","Zone":[1.07,1.07,1.07,1.07],"Terrorism_Rate":"0.23","Decline":"No","Sum_insured_limit":"50000000"},
{"Risk_Code":"49301","Name":"Glass Manufacturing","Industrial_Type":"Industrial_Manufacturing_Risks","Zone":[1.03,1.03,1.03,1.03],"Terrorism_Rate":"0.23","Decline":"No","Sum_insured_limit":"50000000"},
{"Risk_Code":"49201","Name":"Glass wool Manufacturing","Industrial_Type":"Industrial_Manufacturing_Risks","Zone":[1.54,1.54,1.54,1.54],"Terrorism_Rate":"0.23","Decline":"Yes","Sum_insured_limit":"50000000"},
{"Risk_Code":"49401","Name":"Gold thread factories / Gilding factories","Industrial_Type":"Industrial_Manufacturing_Risks","Zone":[0.84,0.84,0.84,0.84],"Terrorism_Rate":"0.23","Decline":"No","Sum_insured_limit":"50000000"},
{"Risk_Code":"49801","Name":"Grain/seeds disintegrating/crushing/ Decorticating factories","Industrial_Type":"Industrial_Manufacturing_Risks","Zone":[1.04,1.04,1.04,1.04],"Terrorism_Rate":"0.23","Decline":"No","Sum_insured_limit":"50000000"},
{"Risk_Code":"49601","Name":"Granite Factories (Others)","Industrial_Type":"Industrial_Manufacturing_Risks","Zone":[0.44,0.44,0.44,0.44],"Terrorism_Rate":"0.23","Decline":"No","Sum_insured_limit":"50000000"},
{"Risk_Code":"49501","Name":"Granite Factories using inflammable solvents","Industrial_Type":"Industrial_Manufacturing_Risks","Zone":[0.75,0.75,0.75,0.75],"Terrorism_Rate":"0.23","Decline":"No","Sum_insured_limit":"50000000"},
{"Risk_Code":"49701","Name":"Graphite electrode Manufacturing","Industrial_Type":"Industrial_Manufacturing_Risks","Zone":[1.41,1.41,1.41,1.41],"Terrorism_Rate":"0.23","Decline":"No","Sum_insured_limit":"50000000"},
{"Risk_Code":"49901","Name":"Grease / Wax Manufacturing","Industrial_Type":"Industrial_Manufacturing_Risks","Zone":[1.52,1.52,1.52,1.52],"Terrorism_Rate":"0.23","Decline":"Yes","Sum_insured_limit":"50000000"},
{"Risk_Code":"50001","Name":"Green Houses/ Algae/ Spirulina and the like","Industrial_Type":"Industrial_Manufacturing_Risks","Zone":[1.25,1.25,1.25,1.25],"Terrorism_Rate":"0.23","Decline":"Yes","Sum_insured_limit":"50000000"},
{"Risk_Code":"50101","Name":"Gum/Glue/Gelatine Manufacturing","Industrial_Type":"Industrial_Manufacturing_Risks","Zone":[1.05,1.05,1.05,1.05],"Terrorism_Rate":"0.23","Decline":"No","Sum_insured_limit":"50000000"},
{"Risk_Code":"50201","Name":"Gypsum board manufacturer","Industrial_Type":"Industrial_Manufacturing_Risks","Zone":[1.08,1.08,1.08,1.08],"Terrorism_Rate":"0.23","Decline":"No","Sum_insured_limit":"50000000"},
{"Risk_Code":"30109","Name":"Health Club, Gymnasium and Swimming pool","Industrial_Type":"Non_Industrial_Risks","Zone":[0.24,0.24,0.24,0.24],"Terrorism_Rate":"0.15","Decline":"No","Sum_insured_limit":"50000000"},
{"Risk_Code":"30204","Name":"Health Resorts","Industrial_Type":"Non_Industrial_Risks","Zone":[0.4,0.4,0.4,0.4],"Terrorism_Rate":"0.15","Decline":"No","Sum_insured_limit":"50000000"},
{"Risk_Code":"30306","Name":"Hoarding","Industrial_Type":"Non_Industrial_Risks","Zone":[1.1,1.1,1.1,1.1],"Terrorism_Rate":"0.15","Decline":"No","Sum_insured_limit":"50000000"},
{"Risk_Code":"50301","Name":"Hosiery, lace, Embroidery/Thread factories","Industrial_Type":"Industrial_Manufacturing_Risks","Zone":[1.21,1.21,1.21,1.21],"Terrorism_Rate":"0.23","Decline":"No","Sum_insured_limit":"50000000"},
{"Risk_Code":"30110","Name":"Hospitals including X-ray and Diagnostic clinics","Industrial_Type":"Non_Industrial_Risks","Zone":[0.41,0.41,0.41,0.41],"Terrorism_Rate":"0.15","Decline":"No","Sum_insured_limit":"50000000"},
{"Risk_Code":"30205","Name":"Hotels","Industrial_Type":"Non_Industrial_Risks","Zone":[0.17,0.17,0.17,0.17],"Terrorism_Rate":"0.15","Decline":"No","Sum_insured_limit":"50000000"},
{"Risk_Code":"50401","Name":"Ice candy and Ice cream Manufacturing","Industrial_Type":"Industrial_Manufacturing_Risks","Zone":[0.8,0.8,0.8,0.8],"Terrorism_Rate":"0.23","Decline":"No","Sum_insured_limit":"50000000"},
{"Risk_Code":"50501","Name":"Ice factories","Industrial_Type":"Industrial_Manufacturing_Risks","Zone":[0.8,0.8,0.8,0.8],"Terrorism_Rate":"0.23","Decline":"No","Sum_insured_limit":"50000000"},
{"Risk_Code":"50601","Name":"Incandescent Gas mantle Manufacturing","Industrial_Type":"Industrial_Manufacturing_Risks","Zone":[1.75,1.75,1.75,1.75],"Terrorism_Rate":"0.23","Decline":"Yes","Sum_insured_limit":"50000000"},
{"Risk_Code":"30111","Name":"Indoor stadiums","Industrial_Type":"Non_Industrial_Risks","Zone":[0.24,0.24,0.24,0.24],"Terrorism_Rate":"0.15","Decline":"No","Sum_insured_limit":"50000000"},
{"Risk_Code":"50701","Name":"Industrial Diamonds Manufacturing","Industrial_Type":"Industrial_Manufacturing_Risks","Zone":[0.8,0.8,0.8,0.8],"Terrorism_Rate":"0.23","Decline":"No","Sum_insured_limit":"50000000"},
{"Risk_Code":"30310","Name":"Industrial Estate","Industrial_Type":"Non_Industrial_Risks","Zone":[0.89,0.89,0.89,0.89],"Terrorism_Rate":"0.23","Decline":"No","Sum_insured_limit":"50000000"},
{"Risk_Code":"50801","Name":"Industrial Gas Manufacturing","Industrial_Type":"Industrial_Manufacturing_Risks","Zone":[1.42,1.42,1.42,1.42],"Terrorism_Rate":"0.23","Decline":"No","Sum_insured_limit":"50000000"},
{"Risk_Code":"50901","Name":"Ink (excluding printing ink) Manufacturing","Industrial_Type":"Industrial_Manufacturing_Risks","Zone":[1.39,1.39,1.39,1.39],"Terrorism_Rate":"0.23","Decline":"No","Sum_insured_limit":"50000000"},
{"Risk_Code":"51001","Name":"Jaggery Manufacturing","Industrial_Type":"Industrial_Manufacturing_Risks","Zone":[0.89,0.89,0.89,0.89],"Terrorism_Rate":"0.23","Decline":"No","Sum_insured_limit":"50000000"},
{"Risk_Code":"51101","Name":"Jute Mills","Industrial_Type":"Industrial_Manufacturing_Risks","Zone":[2.61,2.61,2.61,2.61],"Terrorism_Rate":"0.23","Decline":"Yes","Sum_insured_limit":"50000000"},
{"Risk_Code":"51201","Name":"Katha Manufacturing","Industrial_Type":"Industrial_Manufacturing_Risks","Zone":[1.96,1.96,1.96,1.96],"Terrorism_Rate":"0.23","Decline":"Yes","Sum_insured_limit":"50000000"},
{"Risk_Code":"51301","Name":"Khandsari Sugar Manufacturing","Industrial_Type":"Industrial_Manufacturing_Risks","Zone":[1.09,1.09,1.09,1.09],"Terrorism_Rate":"0.23","Decline":"No","Sum_insured_limit":"50000000"},
{"Risk_Code":"51401","Name":"Lac or Shellac Factories","Industrial_Type":"Industrial_Manufacturing_Risks","Zone":[1.49,1.49,1.49,1.49],"Terrorism_Rate":"0.23","Decline":"Yes","Sum_insured_limit":"50000000"},
{"Risk_Code":"30302","Name":"Laundries","Industrial_Type":"Non_Industrial_Risks","Zone":[0.64,0.64,0.64,0.64],"Terrorism_Rate":"0.15","Decline":"No","Sum_insured_limit":"50000000"},
{"Risk_Code":"51501","Name":"Leather Cloth Factories","Industrial_Type":"Industrial_Manufacturing_Risks","Zone":[2.04,2.04,2.04,2.04],"Terrorism_Rate":"0.23","Decline":"Yes","Sum_insured_limit":"50000000"},
{"Risk_Code":"51601","Name":"Leather Goods Manufacturing ( incl. boot/shoe)","Industrial_Type":"Industrial_Manufacturing_Risks","Zone":[1.2,1.2,1.2,1.2],"Terrorism_Rate":"0.23","Decline":"No","Sum_insured_limit":"50000000"},
{"Risk_Code":"30112","Name":"Libraries","Industrial_Type":"Non_Industrial_Risks","Zone":[0.36,0.36,0.36,0.36],"Terrorism_Rate":"0.15","Decline":"No","Sum_insured_limit":"50000000"},
{"Risk_Code":"45502","Name":"Lignite Handling System","Industrial_Type":"Industrial_Manufacturing_Risks","Zone":[0.89,0.89,0.89,0.89],"Terrorism_Rate":"0.23","Decline":"No","Sum_insured_limit":"50000000"},
{"Risk_Code":"51701","Name":"Lime Kiln","Industrial_Type":"Industrial_Manufacturing_Risks","Zone":[0.81,0.81,0.81,0.81],"Terrorism_Rate":"0.23","Decline":"No","Sum_insured_limit":"50000000"},
{"Risk_Code":"51901","Name":"Liquified Gas Bottling/Recovery Plants","Industrial_Type":"Industrial_Manufacturing_Risks","Zone":[1.02,1.02,1.02,1.02],"Terrorism_Rate":"0.23","Decline":"No","Sum_insured_limit":"50000000"},
{"Risk_Code":"51801","Name":"Lithographic presses","Industrial_Type":"Industrial_Manufacturing_Risks","Zone":[1.26,1.26,1.26,1.26],"Terrorism_Rate":"0.23","Decline":"No","Sum_insured_limit":"50000000"},
{"Risk_Code":"50903","Name":"Loco Sheds","Industrial_Type":"Utilities_Located_Outside_The_Compounds_Of_Industrial_Manufacturing_Risks","Zone":[0.41,0.41,0.41,0.41],"Terrorism_Rate":"0.23","Decline":"No","Sum_insured_limit":"50000000"},
{"Risk_Code":"30113","Name":"Lodging/Boarding Houses","Industrial_Type":"Non_Industrial_Risks","Zone":[0.34,0.34,0.34,0.34],"Terrorism_Rate":"0.15","Decline":"No","Sum_insured_limit":"50000000"},
{"Risk_Code":"40702","Name":"Magnesium Powder Plants","Industrial_Type":"Industrial_Manufacturing_Risks","Zone":[1,1,1,1],"Terrorism_Rate":"0.23","Decline":"No","Sum_insured_limit":"50000000"},
{"Risk_Code":"52001","Name":"Malt Extraction Plants","Industrial_Type":"Industrial_Manufacturing_Risks","Zone":[1.06,1.06,1.06,1.06],"Terrorism_Rate":"0.23","Decline":"No","Sum_insured_limit":"50000000"},
{"Risk_Code":"52101","Name":"Man-made Fibre Manufacturing (using Cellulose)","Industrial_Type":"Industrial_Manufacturing_Risks","Zone":[0.61,0.61,0.61,0.61],"Terrorism_Rate":"0.23","Decline":"No","Sum_insured_limit":"50000000"},
{"Risk_Code":"52201","Name":"Man-made Fibre Manufacturing Plant (Others)","Industrial_Type":"Industrial_Manufacturing_Risks","Zone":[0.65,0.65,0.65,0.65],"Terrorism_Rate":"0.23","Decline":"No","Sum_insured_limit":"50000000"},
{"Risk_Code":"52301","Name":"Manure Blending works","Industrial_Type":"Industrial_Manufacturing_Risks","Zone":[1.08,1.08,1.08,1.08],"Terrorism_Rate":"0.23","Decline":"No","Sum_insured_limit":"50000000"},
{"Risk_Code":"30114","Name":"Marriage Halls","Industrial_Type":"Non_Industrial_Risks","Zone":[0.33,0.33,0.33,0.33],"Terrorism_Rate":"0.15","Decline":"No","Sum_insured_limit":"50000000"},
{"Risk_Code":"52401","Name":"Match Factories","Industrial_Type":"Industrial_Manufacturing_Risks","Zone":[2.78,2.78,2.78,2.78],"Terrorism_Rate":"0.23","Decline":"Yes","Sum_insured_limit":"50000000"},
{"Risk_Code":"52501","Name":"Mattress and Pillow making","Industrial_Type":"Industrial_Manufacturing_Risks","Zone":[2.97,2.97,2.97,2.97],"Terrorism_Rate":"0.23","Decline":"Yes","Sum_insured_limit":"50000000"},
{"Risk_Code":"30115","Name":"Meeting Rooms","Industrial_Type":"Non_Industrial_Risks","Zone":[0.4,0.4,0.4,0.4],"Terrorism_Rate":"0.15","Decline":"No","Sum_insured_limit":"50000000"},
{"Risk_Code":"30116","Name":"Mess Houses","Industrial_Type":"Non_Industrial_Risks","Zone":[0.36,0.36,0.36,0.36],"Terrorism_Rate":"0.15","Decline":"No","Sum_insured_limit":"50000000"},
{"Risk_Code":"52801","Name":"Metal/Tin printers","Industrial_Type":"Industrial_Manufacturing_Risks","Zone":[2.15,2.15,2.15,2.15],"Terrorism_Rate":"0.23","Decline":"Yes","Sum_insured_limit":"50000000"},
{"Risk_Code":"52701","Name":"Metallising Works (others)","Industrial_Type":"Industrial_Manufacturing_Risks","Zone":[0.88,0.88,0.88,0.88],"Terrorism_Rate":"0.23","Decline":"No","Sum_insured_limit":"50000000"},
{"Risk_Code":"52601","Name":"Metallizing works ( involving metals only)","Industrial_Type":"Industrial_Manufacturing_Risks","Zone":[0.71,0.71,0.71,0.71],"Terrorism_Rate":"0.23","Decline":"No","Sum_insured_limit":"50000000"},
{"Risk_Code":"54502","Name":"Mica Products Manufacturing","Industrial_Type":"Industrial_Manufacturing_Risks","Zone":[1.15,1.15,1.15,1.15],"Terrorism_Rate":"0.23","Decline":"No","Sum_insured_limit":"50000000"},
{"Risk_Code":"53001","Name":"Mineral Oil blending and processing","Industrial_Type":"Industrial_Manufacturing_Risks","Zone":[0.74,0.74,0.74,0.74],"Terrorism_Rate":"0.23","Decline":"No","Sum_insured_limit":"50000000"},
{"Risk_Code":"53101","Name":"Mosaic Factories","Industrial_Type":"Industrial_Manufacturing_Risks","Zone":[0.92,0.92,0.92,0.92],"Terrorism_Rate":"0.23","Decline":"No","Sum_insured_limit":"50000000"},
{"Risk_Code":"47604","Name":"Motor Vehicle Garages","Industrial_Type":"Industrial_Manufacturing_Risks","Zone":[0.25,0.25,0.25,0.25],"Terrorism_Rate":"0.23","Decline":"No","Sum_insured_limit":"50000000"},
{"Risk_Code":"30403","Name":"Motor Vehicle showroom including sales and service","Industrial_Type":"Non_Industrial_Risks","Zone":[0.46,0.46,0.46,0.46],"Terrorism_Rate":"0.15","Decline":"No","Sum_insured_limit":"50000000"},
{"Risk_Code":"30117","Name":"Museums","Industrial_Type":"Non_Industrial_Risks","Zone":[0.38,0.38,0.38,0.38],"Terrorism_Rate":"0.15","Decline":"No","Sum_insured_limit":"50000000"},
{"Risk_Code":"53201","Name":"Mushroom Growing Premises (Excluding Crops)","Industrial_Type":"Industrial_Manufacturing_Risks","Zone":[0.87,0.87,0.87,0.87],"Terrorism_Rate":"0.23","Decline":"No","Sum_insured_limit":"50000000"},
{"Risk_Code":"30307","Name":"Neon signs","Industrial_Type":"Non_Industrial_Risks","Zone":[1.1,1.1,1.1,1.1],"Terrorism_Rate":"0.15","Decline":"No","Sum_insured_limit":"50000000"},
{"Risk_Code":"53301","Name":"Nitro cellulose manufacturing - Industrial Grade","Industrial_Type":"Industrial_Manufacturing_Risks","Zone":[8.97,8.97,8.97,8.97],"Terrorism_Rate":"0.23","Decline":"Yes","Sum_insured_limit":"50000000"},
{"Risk_Code":"53302","Name":"Nitro cellulose manufacturing - Others","Industrial_Type":"Industrial_Manufacturing_Risks","Zone":[8.97,8.97,8.97,8.97],"Terrorism_Rate":"0.23","Decline":"Yes","Sum_insured_limit":"50000000"},
{"Risk_Code":"53401","Name":"Non-woven fabric Manufacturing, Manufacturing of Industrial felts","Industrial_Type":"Industrial_Manufacturing_Risks","Zone":[1.88,1.88,1.88,1.88],"Terrorism_Rate":"0.23","Decline":"No","Sum_insured_limit":"50000000"},
{"Risk_Code":"30118","Name":"Office premises","Industrial_Type":"Non_Industrial_Risks","Zone":[0.27,0.27,0.27,0.27],"Terrorism_Rate":"0.15","Decline":"No","Sum_insured_limit":"50000000"},
{"Risk_Code":"53901","Name":"Oil and Leather Cloth Factories","Industrial_Type":"Industrial_Manufacturing_Risks","Zone":[2.08,2.08,2.08,2.08],"Terrorism_Rate":"0.23","Decline":"Yes","Sum_insured_limit":"50000000"},
{"Risk_Code":"53601","Name":"Oil Distillation Plants (essential)","Industrial_Type":"Industrial_Manufacturing_Risks","Zone":[1.3,1.3,1.3,1.3],"Terrorism_Rate":"0.23","Decline":"No","Sum_insured_limit":"50000000"},
{"Risk_Code":"53501","Name":"Oil Extraction","Industrial_Type":"Industrial_Manufacturing_Risks","Zone":[1.47,1.47,1.47,1.47],"Terrorism_Rate":"0.23","Decline":"No","Sum_insured_limit":"50000000"},
{"Risk_Code":"53801","Name":"Oil Mills (Vegetable)","Industrial_Type":"Industrial_Manufacturing_Risks","Zone":[1.07,1.07,1.07,1.07],"Terrorism_Rate":"0.23","Decline":"No","Sum_insured_limit":"50000000"},
{"Risk_Code":"53701","Name":"Oil Mills refining ( Veg/Animal)","Industrial_Type":"Industrial_Manufacturing_Risks","Zone":[1.1,1.1,1.1,1.1],"Terrorism_Rate":"0.23","Decline":"No","Sum_insured_limit":"50000000"},
{"Risk_Code":"30309","Name":"Outdoor stadiums","Industrial_Type":"Non_Industrial_Risks","Zone":[1.52,1.52,1.52,1.52],"Terrorism_Rate":"0.15","Decline":"No","Sum_insured_limit":"50000000"},
{"Risk_Code":"54101","Name":"Paint (others) & Varnish Factories","Industrial_Type":"Industrial_Manufacturing_Risks","Zone":[1.89,1.89,1.89,1.89],"Terrorism_Rate":"0.23","Decline":"Yes","Sum_insured_limit":"50000000"},
{"Risk_Code":"54001","Name":"Paint factories (Water based)","Industrial_Type":"Industrial_Manufacturing_Risks","Zone":[1.25,1.25,1.25,1.25],"Terrorism_Rate":"0.23","Decline":"No","Sum_insured_limit":"50000000"},
{"Risk_Code":"54201","Name":"Paints - Nitrocellulose based","Industrial_Type":"Industrial_Manufacturing_Risks","Zone":[2.26,2.26,2.26,2.26],"Terrorism_Rate":"0.23","Decline":"Yes","Sum_insured_limit":"50000000"},
{"Risk_Code":"54301","Name":"Pan Masala making","Industrial_Type":"Industrial_Manufacturing_Risks","Zone":[1.15,1.15,1.15,1.15],"Terrorism_Rate":"0.23","Decline":"No","Sum_insured_limit":"50000000"},
{"Risk_Code":"54402","Name":"Paper and Cardboard Mills (including Lamination)","Industrial_Type":"Industrial_Manufacturing_Risks","Zone":[1.15,1.15,1.15,1.15],"Terrorism_Rate":"0.23","Decline":"Yes","Sum_insured_limit":"50000000"},
{"Risk_Code":"54501","Name":"Particle Board Manufacturing","Industrial_Type":"Industrial_Manufacturing_Risks","Zone":[1.89,1.89,1.89,1.89],"Terrorism_Rate":"0.23","Decline":"Yes","Sum_insured_limit":"50000000"},
{"Risk_Code":"54601","Name":"Pencil Manufacturing","Industrial_Type":"Industrial_Manufacturing_Risks","Zone":[1.79,1.79,1.79,1.79],"Terrorism_Rate":"0.23","Decline":"Yes","Sum_insured_limit":"50000000"},
{"Risk_Code":"72701","Name":"Petrochemical Plant / Manufacturing","Industrial_Type":"Industrial_Manufacturing_Risks","Zone":[1.48,1.48,1.48,1.48],"Terrorism_Rate":"0.23","Decline":"No","Sum_insured_limit":"50000000"},
{"Risk_Code":"30404","Name":"Fuel Station- Petrol / Diesel Kiosks (without CNG)","Industrial_Type":"Non_Industrial_Risks","Zone":[0.66,0.66,0.66,0.66],"Terrorism_Rate":"0.15","Decline":"No","Sum_insured_limit":"50000000"},
{"Risk_Code":"54701","Name":"Petroleum Coke Calcination","Industrial_Type":"Industrial_Manufacturing_Risks","Zone":[1.06,1.06,1.06,1.06],"Terrorism_Rate":"0.23","Decline":"No","Sum_insured_limit":"50000000"},
{"Risk_Code":"44403","Name":"Pharmaceutical Manufacturing ( Formulation )","Industrial_Type":"Industrial_Manufacturing_Risks","Zone":[1.12,1.12,1.12,1.12],"Terrorism_Rate":"0.23","Decline":"No","Sum_insured_limit":"50000000"},
{"Risk_Code":"44406","Name":"Pilot Plants","Industrial_Type":"Industrial_Manufacturing_Risks","Zone":[1.12,1.12,1.12,1.12],"Terrorism_Rate":"0.23","Decline":"No","Sum_insured_limit":"50000000"},
{"Risk_Code":"51102","Name":"Pipe lines (carrying water only)","Industrial_Type":"Utilities_Located_Outside_The_Compounds_Of_Industrial_Manufacturing_Risks","Zone":[0.54,0.54,0.54,0.54],"Terrorism_Rate":"0.23","Decline":"No","Sum_insured_limit":"50000000"},
{"Risk_Code":"51202","Name":"Pipe lines (others)","Industrial_Type":"Utilities_Located_Outside_The_Compounds_Of_Industrial_Manufacturing_Risks","Zone":[0.62,0.62,0.62,0.62],"Terrorism_Rate":"0.23","Decline":"No","Sum_insured_limit":"50000000"},
{"Risk_Code":"30119","Name":"Places of worships","Industrial_Type":"Non_Industrial_Risks","Zone":[0.27,0.27,0.27,0.27],"Terrorism_Rate":"0.15","Decline":"No","Sum_insured_limit":"50000000"},
{"Risk_Code":"30120","Name":"Planetarium","Industrial_Type":"Non_Industrial_Risks","Zone":[0.43,0.43,0.43,0.43],"Terrorism_Rate":"0.15","Decline":"No","Sum_insured_limit":"50000000"},
{"Risk_Code":"54901","Name":"Plywood Factories","Industrial_Type":"Industrial_Manufacturing_Risks","Zone":[2.68,2.68,2.68,2.68],"Terrorism_Rate":"0.23","Decline":"Yes","Sum_insured_limit":"50000000"},
{"Risk_Code":"55001","Name":"Polyester Film Manufacturing / BOPP Film Manufacturing","Industrial_Type":"Industrial_Manufacturing_Risks","Zone":[0.8,0.8,0.8,0.8],"Terrorism_Rate":"0.23","Decline":"No","Sum_insured_limit":"50000000"},
{"Risk_Code":"55101","Name":"Port Premises including jetties and equipment thereon And other port facilities","Industrial_Type":"Industrial_Manufacturing_Risks","Zone":[0.53,0.53,0.53,0.53],"Terrorism_Rate":"0.23","Decline":"No","Sum_insured_limit":"50000000"},
{"Risk_Code":"55201","Name":"Poultry Farms (Excluding birds therein)","Industrial_Type":"Industrial_Manufacturing_Risks","Zone":[0.64,0.64,0.64,0.64],"Terrorism_Rate":"0.23","Decline":"No","Sum_insured_limit":"50000000"},
{"Risk_Code":"46301","Name":"Press Houses","Industrial_Type":"Industrial_Manufacturing_Risks","Zone":[1.86,1.86,1.86,1.86],"Terrorism_Rate":"0.23","Decline":"Yes","Sum_insured_limit":"50000000"},
{"Risk_Code":"55501","Name":"Presses for carpets, rugs and tobacco","Industrial_Type":"Industrial_Manufacturing_Risks","Zone":[2.22,2.22,2.22,2.22],"Terrorism_Rate":"0.23","Decline":"Yes","Sum_insured_limit":"50000000"},
{"Risk_Code":"55301","Name":"Presses for coir fibres/waste/Grass/fodder/boosa/Jute","Industrial_Type":"Industrial_Manufacturing_Risks","Zone":[5.94,5.94,5.94,5.94],"Terrorism_Rate":"0.23","Decline":"Yes","Sum_insured_limit":"50000000"},
{"Risk_Code":"55401","Name":"Presses for coir yarn / cotton/senna leaves","Industrial_Type":"Industrial_Manufacturing_Risks","Zone":[2.42,2.42,2.42,2.42],"Terrorism_Rate":"0.23","Decline":"Yes","Sum_insured_limit":"50000000"},
{"Risk_Code":"55601","Name":"Presses for hides and skins","Industrial_Type":"Industrial_Manufacturing_Risks","Zone":[1.68,1.68,1.68,1.68],"Terrorism_Rate":"0.23","Decline":"Yes","Sum_insured_limit":"50000000"},
{"Risk_Code":"55701","Name":"Printing Ink Manufacturing / Roller composition factories","Industrial_Type":"Industrial_Manufacturing_Risks","Zone":[1.65,1.65,1.65,1.65],"Terrorism_Rate":"0.23","Decline":"Yes","Sum_insured_limit":"50000000"},
{"Risk_Code":"55801","Name":"Printing Press","Industrial_Type":"Industrial_Manufacturing_Risks","Zone":[1.09,1.09,1.09,1.09],"Terrorism_Rate":"0.23","Decline":"No","Sum_insured_limit":"50000000"},
{"Risk_Code":"55901","Name":"Pulverising Plants(Metals and non-hazardous goods)","Industrial_Type":"Industrial_Manufacturing_Risks","Zone":[0.64,0.64,0.64,0.64],"Terrorism_Rate":"0.23","Decline":"No","Sum_insured_limit":"50000000"},
{"Risk_Code":"56001","Name":"Pulverizing Plants (Others)","Industrial_Type":"Industrial_Manufacturing_Risks","Zone":[1.59,1.59,1.59,1.59],"Terrorism_Rate":"0.23","Decline":"Yes","Sum_insured_limit":"50000000"},
{"Risk_Code":"51402","Name":"Pump House (Others)","Industrial_Type":"Utilities_Located_Outside_The_Compounds_Of_Industrial_Manufacturing_Risks","Zone":[1.35,1.35,1.35,1.35],"Terrorism_Rate":"0.23","Decline":"No","Sum_insured_limit":"50000000"},
{"Risk_Code":"51302","Name":"Pump House (Water)","Industrial_Type":"Utilities_Located_Outside_The_Compounds_Of_Industrial_Manufacturing_Risks","Zone":[0.5,0.5,0.5,0.5],"Terrorism_Rate":"0.23","Decline":"No","Sum_insured_limit":"50000000"},
{"Risk_Code":"51502","Name":"Railway tracks","Industrial_Type":"Utilities_Located_Outside_The_Compounds_Of_Industrial_Manufacturing_Risks","Zone":[1.02,1.02,1.02,1.02],"Terrorism_Rate":"0.23","Decline":"No","Sum_insured_limit":"50000000"},
{"Risk_Code":"30202","Name":"Restaurants","Industrial_Type":"Non_Industrial_Risks","Zone":[0.4,0.4,0.4,0.4],"Terrorism_Rate":"0.15","Decline":"No","Sum_insured_limit":"50000000"},
{"Risk_Code":"56101","Name":"Rice Mills","Industrial_Type":"Industrial_Manufacturing_Risks","Zone":[0.32,0.32,0.32,0.32],"Terrorism_Rate":"0.23","Decline":"No","Sum_insured_limit":"50000000"},
{"Risk_Code":"56201","Name":"Rice Polishing Units","Industrial_Type":"Industrial_Manufacturing_Risks","Zone":[0.96,0.96,0.96,0.96],"Terrorism_Rate":"0.23","Decline":"No","Sum_insured_limit":"50000000"},
{"Risk_Code":"51602","Name":"Roads","Industrial_Type":"Utilities_Located_Outside_The_Compounds_Of_Industrial_Manufacturing_Risks","Zone":[0.68,0.68,0.68,0.68],"Terrorism_Rate":"0.23","Decline":"No","Sum_insured_limit":"50000000"},
{"Risk_Code":"56401","Name":"Rope Works (others)","Industrial_Type":"Industrial_Manufacturing_Risks","Zone":[0.9,0.9,0.9,0.9],"Terrorism_Rate":"0.23","Decline":"No","Sum_insured_limit":"50000000"},
{"Risk_Code":"56301","Name":"Rope works (Plastic), Assembling of Plastic Goods such as Toys and the like","Industrial_Type":"Industrial_Manufacturing_Risks","Zone":[1.35,1.35,1.35,1.35],"Terrorism_Rate":"0.23","Decline":"Yes","Sum_insured_limit":"50000000"},
{"Risk_Code":"56501","Name":"Rubber Factories","Industrial_Type":"Industrial_Manufacturing_Risks","Zone":[1.65,1.65,1.65,1.65],"Terrorism_Rate":"0.23","Decline":"Yes","Sum_insured_limit":"50000000"},
{"Risk_Code":"56701","Name":"Rubber Goods Manufacturing without spreading","Industrial_Type":"Industrial_Manufacturing_Risks","Zone":[1.25,1.25,1.25,1.25],"Terrorism_Rate":"0.23","Decline":"No","Sum_insured_limit":"50000000"},
{"Risk_Code":"56601","Name":"Rubber Goods Mfg with Spreading","Industrial_Type":"Industrial_Manufacturing_Risks","Zone":[1.98,1.98,1.98,1.98],"Terrorism_Rate":"0.23","Decline":"Yes","Sum_insured_limit":"50000000"},
{"Risk_Code":"56801","Name":"Salt crushing Factories and Refineries","Industrial_Type":"Industrial_Manufacturing_Risks","Zone":[0.59,0.59,0.59,0.59],"Terrorism_Rate":"0.23","Decline":"No","Sum_insured_limit":"50000000"},
{"Risk_Code":"56901","Name":"Saw Mills (including Timber Merchants premises where sawing is done)","Industrial_Type":"Industrial_Manufacturing_Risks","Zone":[2.86,2.86,2.86,2.86],"Terrorism_Rate":"0.23","Decline":"Yes","Sum_insured_limit":"50000000"},
{"Risk_Code":"30121","Name":"Schools","Industrial_Type":"Non_Industrial_Risks","Zone":[0.17,0.17,0.17,0.17],"Terrorism_Rate":"0.15","Decline":"No","Sum_insured_limit":"50000000"},
{"Risk_Code":"57001","Name":"Sea Food / Meat Processing","Industrial_Type":"Industrial_Manufacturing_Risks","Zone":[1.21,1.21,1.21,1.21],"Terrorism_Rate":"0.23","Decline":"No","Sum_insured_limit":"50000000"},
{"Risk_Code":"45104","Name":"Shopping complex having multiplex","Industrial_Type":"Industrial_Manufacturing_Risks","Zone":[0.89,0.89,0.89,0.89],"Terrorism_Rate":"0.23","Decline":"No","Sum_insured_limit":"50000000"},
{"Risk_Code":"55902","Name":"Shopping Malls (other than Multiplexes)","Industrial_Type":"Non_Industrial_Risks","Zone":[0.68,0.68,0.68,0.68],"Terrorism_Rate":"0.15","Decline":"No","Sum_insured_limit":"50000000"},
{"Risk_Code":"30401","Name":"Shops dealing in hazardous goods","Industrial_Type":"Non_Industrial_Risks","Zone":[0.96,0.96,0.96,0.96],"Terrorism_Rate":"0.15","Decline":"No","Sum_insured_limit":"50000000"},
{"Risk_Code":"30301","Name":"Shops dealing in non-hazardous goods","Industrial_Type":"Non_Industrial_Risks","Zone":[0.53,0.53,0.53,0.53],"Terrorism_Rate":"0.15","Decline":"No","Sum_insured_limit":"50000000"},
{"Risk_Code":"30122","Name":"Showrooms and display centres where goods are kept for display and no sales are carried out","Industrial_Type":"Non_Industrial_Risks","Zone":[0.43,0.43,0.43,0.43],"Terrorism_Rate":"0.15","Decline":"No","Sum_insured_limit":"50000000"},
{"Risk_Code":"42200","Name":"Silent Risk","Industrial_Type":"Industrial_Manufacturing_Risks","Zone":[0.45,0.45,0.45,0.45],"Terrorism_Rate":"0.23","Decline":"No","Sum_insured_limit":"50000000"},
{"Risk_Code":"57101","Name":"Silk Mills / Spun Silk Mills","Industrial_Type":"Industrial_Manufacturing_Risks","Zone":[0.96,0.96,0.96,0.96],"Terrorism_Rate":"0.23","Decline":"No","Sum_insured_limit":"50000000"},
{"Risk_Code":"57201","Name":"Snuff Manufacturing","Industrial_Type":"Industrial_Manufacturing_Risks","Zone":[1.19,1.19,1.19,1.19],"Terrorism_Rate":"0.23","Decline":"No","Sum_insured_limit":"50000000"},
{"Risk_Code":"57301","Name":"Soap Manufacturing","Industrial_Type":"Industrial_Manufacturing_Risks","Zone":[1.2,1.2,1.2,1.2],"Terrorism_Rate":"0.23","Decline":"No","Sum_insured_limit":"50000000"},
{"Risk_Code":"57401","Name":"Sponge Iron Plants","Industrial_Type":"Industrial_Manufacturing_Risks","Zone":[0.97,0.97,0.97,0.97],"Terrorism_Rate":"0.23","Decline":"No","Sum_insured_limit":"50000000"},
{"Risk_Code":"30308","Name":"Sports Galleries","Industrial_Type":"Non_Industrial_Risks","Zone":[1.52,1.52,1.52,1.52],"Terrorism_Rate":"0.15","Decline":"No","Sum_insured_limit":"50000000"},
{"Risk_Code":"48902","Name":"Sports Goods Manufacturing","Industrial_Type":"Industrial_Manufacturing_Risks","Zone":[1.35,1.35,1.35,1.35],"Terrorism_Rate":"0.23","Decline":"No","Sum_insured_limit":"50000000"},
{"Risk_Code":"57501","Name":"Spray Painting, Powder coating","Industrial_Type":"Industrial_Manufacturing_Risks","Zone":[1.59,1.59,1.59,1.59],"Terrorism_Rate":"0.23","Decline":"Yes","Sum_insured_limit":"50000000"},
{"Risk_Code":"57601","Name":"Stables (excluding animals)","Industrial_Type":"Industrial_Manufacturing_Risks","Zone":[0.89,0.89,0.89,0.89],"Terrorism_Rate":"0.23","Decline":"No","Sum_insured_limit":"50000000"},
{"Risk_Code":"57701","Name":"Starch Factories","Industrial_Type":"Industrial_Manufacturing_Risks","Zone":[0.87,0.87,0.87,0.87],"Terrorism_Rate":"0.23","Decline":"No","Sum_insured_limit":"50000000"},
{"Risk_Code":"57801","Name":"Stone quarries","Industrial_Type":"Industrial_Manufacturing_Risks","Zone":[0.42,0.42,0.42,0.42],"Terrorism_Rate":"0.23","Decline":"No","Sum_insured_limit":"50000000"},
{"Risk_Code":"58001","Name":"Sugar factories","Industrial_Type":"Industrial_Manufacturing_Risks","Zone":[0.68,0.68,0.68,0.68],"Terrorism_Rate":"0.23","Decline":"No","Sum_insured_limit":"50000000"},
{"Risk_Code":"58101","Name":"Surgical Cotton Manufacturing","Industrial_Type":"Industrial_Manufacturing_Risks","Zone":[2.59,2.59,2.59,2.59],"Terrorism_Rate":"0.23","Decline":"Yes","Sum_insured_limit":"50000000"},
{"Risk_Code":"58201","Name":"Sweetmeat manufacturing","Industrial_Type":"Industrial_Manufacturing_Risks","Zone":[0.94,0.94,0.94,0.94],"Terrorism_Rate":"0.23","Decline":"No","Sum_insured_limit":"50000000"},
{"Risk_Code":"72601","Name":"Tanks (others)","Industrial_Type":"Tank_Farms_Gas_Holders_Located_Outside_The_Compounds_Of_Industrial_Manufacturing_Risks","Zone":[0.8,0.8,0.8,0.8],"Terrorism_Rate":"0.23","Decline":"No","Sum_insured_limit":"50000000"},
{"Risk_Code":"72501","Name":"Tanks containing liquidsflashing at 32 0C and below","Industrial_Type":"Tank_Farms_Gas_Holders_Located_Outside_The_Compounds_Of_Industrial_Manufacturing_Risks","Zone":[1.5,1.5,1.5,1.5],"Terrorism_Rate":"0.23","Decline":"Yes","Sum_insured_limit":"50000000"},
{"Risk_Code":"58301","Name":"Tanneries","Industrial_Type":"Industrial_Manufacturing_Risks","Zone":[0.65,0.65,0.65,0.65],"Terrorism_Rate":"0.23","Decline":"No","Sum_insured_limit":"50000000"},
{"Risk_Code":"58401","Name":"Tapioca factories","Industrial_Type":"Industrial_Manufacturing_Risks","Zone":[1.18,1.18,1.18,1.18],"Terrorism_Rate":"0.23","Decline":"No","Sum_insured_limit":"50000000"},
{"Risk_Code":"58501","Name":"Tarpaulin and canvas proofing factories","Industrial_Type":"Industrial_Manufacturing_Risks","Zone":[2.33,2.33,2.33,2.33],"Terrorism_Rate":"0.23","Decline":"Yes","Sum_insured_limit":"50000000"},
{"Risk_Code":"58601","Name":"Tea blending/packing factories","Industrial_Type":"Industrial_Manufacturing_Risks","Zone":[0.83,0.83,0.83,0.83],"Terrorism_Rate":"0.23","Decline":"No","Sum_insured_limit":"50000000"},
{"Risk_Code":"58701","Name":"Tea Factories","Industrial_Type":"Industrial_Manufacturing_Risks","Zone":[1.22,1.22,1.22,1.22],"Terrorism_Rate":"0.23","Decline":"No","Sum_insured_limit":"50000000"},
{"Risk_Code":"58801","Name":"Telephone Exchanges","Industrial_Type":"Industrial_Manufacturing_Risks","Zone":[1.99,1.99,1.99,1.99],"Terrorism_Rate":"0.23","Decline":"No","Sum_insured_limit":"50000000"},
{"Risk_Code":"58902","Name":"Textile Mills - Spinning mills","Industrial_Type":"Industrial_Manufacturing_Risks","Zone":[1.08,1.08,1.08,1.08],"Terrorism_Rate":"0.23","Decline":"No","Sum_insured_limit":"50000000"},
{"Risk_Code":"59001","Name":"Tile & Pottery works","Industrial_Type":"Industrial_Manufacturing_Risks","Zone":[0.83,0.83,0.83,0.83],"Terrorism_Rate":"0.23","Decline":"No","Sum_insured_limit":"50000000"},
{"Risk_Code":"59002","Name":"Tiny sector Industries with values at risk not exceeding Rs 10 lakhs","Industrial_Type":"Industrial_Manufacturing_Risks","Zone":[0.78,0.78,0.78,0.78],"Terrorism_Rate":"0.23","Decline":"No","Sum_insured_limit":"50000000"},
{"Risk_Code":"59201","Name":"Tissue Culture Premises (Excluding Crops)","Industrial_Type":"Industrial_Manufacturing_Risks","Zone":[0.92,0.92,0.92,0.92],"Terrorism_Rate":"0.23","Decline":"No","Sum_insured_limit":"50000000"},
{"Risk_Code":"59301","Name":"Tobacco Curing / Redrying Factories","Industrial_Type":"Industrial_Manufacturing_Risks","Zone":[1.29,1.29,1.29,1.29],"Terrorism_Rate":"0.23","Decline":"Yes","Sum_insured_limit":"50000000"},
{"Risk_Code":"59401","Name":"Tobacco grinding/ crushing Manufacturing","Industrial_Type":"Industrial_Manufacturing_Risks","Zone":[1.27,1.27,1.27,1.27],"Terrorism_Rate":"0.23","Decline":"Yes","Sum_insured_limit":"50000000"},
{"Risk_Code":"44402","Name":"Toiletry products Manufacturing","Industrial_Type":"Industrial_Manufacturing_Risks","Zone":[1.12,1.12,1.12,1.12],"Terrorism_Rate":"0.23","Decline":"No","Sum_insured_limit":"50000000"},
{"Risk_Code":"59501","Name":"Turpentine and rosin distilleries","Industrial_Type":"Industrial_Manufacturing_Risks","Zone":[3.82,3.82,3.82,3.82],"Terrorism_Rate":"0.23","Decline":"Yes","Sum_insured_limit":"50000000"},
{"Risk_Code":"43102","Name":"Typewriter Ribbon Manufacturing","Industrial_Type":"Industrial_Manufacturing_Risks","Zone":[1.46,1.46,1.46,1.46],"Terrorism_Rate":"0.23","Decline":"No","Sum_insured_limit":"50000000"},
{"Risk_Code":"59701","Name":"Tyre Retreading and Resoling factories","Industrial_Type":"Industrial_Manufacturing_Risks","Zone":[1.68,1.68,1.68,1.68],"Terrorism_Rate":"0.23","Decline":"Yes","Sum_insured_limit":"50000000"},
{"Risk_Code":"59601","Name":"Tyres and Tubes Manufacturing","Industrial_Type":"Industrial_Manufacturing_Risks","Zone":[1.03,1.03,1.03,1.03],"Terrorism_Rate":"0.23","Decline":"No","Sum_insured_limit":"50000000"},
{"Risk_Code":"59801","Name":"Umbrella Assembly factories","Industrial_Type":"Industrial_Manufacturing_Risks","Zone":[1.1,1.1,1.1,1.1],"Terrorism_Rate":"0.23","Decline":"No","Sum_insured_limit":"50000000"},
{"Risk_Code":"59901","Name":"Velvet Cloth Manufacturing","Industrial_Type":"Industrial_Manufacturing_Risks","Zone":[1.47,1.47,1.47,1.47],"Terrorism_Rate":"0.23","Decline":"Yes","Sum_insured_limit":"50000000"},
{"Risk_Code":"60001","Name":"Vermicelli factories","Industrial_Type":"Industrial_Manufacturing_Risks","Zone":[0.86,0.86,0.86,0.86],"Terrorism_Rate":"0.23","Decline":"No","Sum_insured_limit":"50000000"},
{"Risk_Code":"51702","Name":"Water Treatment Plant/Water Tanks","Industrial_Type":"Utilities_Located_Outside_The_Compounds_Of_Industrial_Manufacturing_Risks","Zone":[0.29,0.29,0.29,0.29],"Terrorism_Rate":"0.23","Decline":"No","Sum_insured_limit":"50000000"},
{"Risk_Code":"60201","Name":"Weaving Mills","Industrial_Type":"Industrial_Manufacturing_Risks","Zone":[1.01,1.01,1.01,1.01],"Terrorism_Rate":"0.23","Decline":"No","Sum_insured_limit":"50000000"},
{"Risk_Code":"60101","Name":"Weigh Bridges","Industrial_Type":"Industrial_Manufacturing_Risks","Zone":[1.01,1.01,1.01,1.01],"Terrorism_Rate":"0.23","Decline":"No","Sum_insured_limit":"50000000"},
{"Risk_Code":"60301","Name":"Wheat Threshers","Industrial_Type":"Industrial_Manufacturing_Risks","Zone":[5.39,5.39,5.39,5.39],"Terrorism_Rate":"0.23","Decline":"Yes","Sum_insured_limit":"50000000"},
{"Risk_Code":"51802","Name":"Wireless Transmitting Stations","Industrial_Type":"Utilities_Located_Outside_The_Compounds_Of_Industrial_Manufacturing_Risks","Zone":[0.65,0.65,0.65,0.65],"Terrorism_Rate":"0.23","Decline":"No","Sum_insured_limit":"50000000"},
{"Risk_Code":"60401","Name":"Wood seasoning/treatment/ impregnation","Industrial_Type":"Industrial_Manufacturing_Risks","Zone":[1.04,1.04,1.04,1.04],"Terrorism_Rate":"0.23","Decline":"Yes","Sum_insured_limit":"50000000"},
{"Risk_Code":"43402","Name":"Wood wool Manufacturing and other wood worker shops (excluding saw mill)","Industrial_Type":"Industrial_Manufacturing_Risks","Zone":[1.59,1.59,1.59,1.59],"Terrorism_Rate":"0.23","Decline":"Yes","Sum_insured_limit":"50000000"},
{"Risk_Code":"60501","Name":"Wool cleaning and pressing factories","Industrial_Type":"Industrial_Manufacturing_Risks","Zone":[1.47,1.47,1.47,1.47],"Terrorism_Rate":"0.23","Decline":"Yes","Sum_insured_limit":"50000000"},
{"Risk_Code":"60601","Name":"Woollen Mills","Industrial_Type":"Industrial_Manufacturing_Risks","Zone":[1.2,1.2,1.2,1.2],"Terrorism_Rate":"0.23","Decline":"No","Sum_insured_limit":"50000000"},
{"Risk_Code":"60701","Name":"Yarn Processing","Industrial_Type":"Industrial_Manufacturing_Risks","Zone":[1.1,1.1,1.1,1.1],"Terrorism_Rate":"0.23","Decline":"No","Sum_insured_limit":"50000000"},
{"Risk_Code":"40802","Name":"Zinc  Factories","Industrial_Type":"Industrial & Storage","Zone":[0.78,0.78,0.78,0.78],"Terrorism_Rate":"0.23","Decline":"No","Sum_insured_limit":"50000000"},
{"Risk_Code":"60801","Name":"Zip fasteners Manufacturing","Industrial_Type":"Industrial_Manufacturing_Risks","Zone":[1.61,1.61,1.61,1.61],"Terrorism_Rate":"0.23","Decline":"Yes","Sum_insured_limit":"50000000"}
]