[
    {
        "Risk_Code": "40201",
        "Name": "Aerated Water Factories",
        "Terrorism_Rate": "0.23",
        "Industrial_Type": "Industrial",
        "Decline": "No",
        "Zone": [1.7655,1.4075,1.1926,1.1215],
        "Sum_insured_limit":50000000
    },{
        "Risk_Code": "41101",
        "Name": "Atta and Cereal Grinding (excluding Dal Mills)",
        "Terrorism_Rate": "0.23",
        "Industrial_Type": "Non Industrial",
        "Decline": "yes",
        "Zone": [1.0500,0.9600,0.9100,0.8700],
        "Sum_insured_limit":50000000
    },{
        "Risk_Code": "41401",
        "Name": "Bakeries",
        "Terrorism_Rate": "0.23",
        "Industrial_Type": "Non Industrial",
        "Decline": "No",
        "Zone": [2.8258,2.4677,	2.2529,	2.1818],
        "Sum_insured_limit":50000000
    },{
        "Risk_Code": "41801",
        "Name": "Biscuit Factories",
        "Terrorism_Rate": "0.23",
        "Industrial_Type": "Industrial",
        "Decline": "No",
        "Zone": [2.8258,2.4677,	2.2529,	2.1818],
        "Sum_insured_limit":50000000
    },{
        "Risk_Code": "42101",
        "Name": "Breweries",
        "Terrorism_Rate": "0.23",
        "Industrial_Type": "Industrial",
        "Decline": "No",
        "Zone":[1.7655,1.4075,1.1926,1.1215],
        "Sum_insured_limit":15000000
    },{
        "Risk_Code": "42201",
        "Name": "Brickworks(including refractories and fire bricks)",
        "Terrorism_Rate": "0.23",
        "Industrial_Type": "Industrial",
        "Decline": "No",
        "Zone":[1.7655,1.4075,1.1926,1.1215],
        "Sum_insured_limit":15000000
    },{
        "Risk_Code": "42501",
        "Name": "Buildings (including flats/houses) in course of construction",
        "Terrorism_Rate": "0.23",
        "Industrial_Type": "Industrial",
        "Decline": "No",
        "Zone":[1.7655,1.4075,1.1926,1.1215],
        "Sum_insured_limit":50000000
    },{
        "Risk_Code": "43701",
        "Name": "Cashew Nut Factory",
        "Terrorism_Rate": "0.23",
        "Industrial_Type": "Industrial",
        "Decline": "No",
        "Zone":[1.7655,1.4075,1.1926,1.1215],
        "Sum_insured_limit":5000000
    },{
        "Risk_Code": "44001",
        "Name": "Cement / asbestos/concrete products Manufacturing",
        "Terrorism_Rate": "0.23",
        "Industrial_Type": "Industrial",
        "Decline": "No",
        "Zone":[1.7655,1.4075,1.1926,1.1215],
        "Sum_insured_limit":15000000
    },{
        "Risk_Code": "44201",
        "Name": "Ceramic Factories and Crockery and Stoneware pipe Manufacturing",
        "Terrorism_Rate": "0.23",
        "Industrial_Type": "Industrial",
        "Decline": "No",
        "Zone":[1.7655,1.4075,1.1926,1.1215],
        "Sum_insured_limit":50000000
    },{
        "Risk_Code": "44202",
        "Name": "Clay Works",
        "Terrorism_Rate": "0.23",
        "Industrial_Type": "Industrial",
        "Decline": "No",
        "Zone":[1.7655,1.4075,1.1926,1.1215],
        "Sum_insured_limit":50000000
    },{
        "Risk_Code": "45901",
        "Name": "Condensed Milk Factories, Milk Pasturisings Plants and Dairies",
        "Terrorism_Rate": "0.23",
        "Industrial_Type": "Industrial",
        "Decline": "No",
        "Zone":[1.7655,1.4075,1.1926,1.1215],
        "Sum_insured_limit":15000000
    },{
        "Risk_Code": "30203",
        "Name": "Confectioner & Sweet meat sellers",
        "Terrorism_Rate": "0.15",
        "Industrial_Type": "Non Industrial",
        "Decline": "No",
        "Zone":[0.7475,0.6042,0.5326,0.4615],
        "Sum_insured_limit":50000000
    },{
        "Risk_Code": "46001",
        "Name": "Confectionery Manufacturing",
        "Terrorism_Rate": "0.23",
        "Industrial_Type": "Industrial",
        "Decline": "No",
        "Zone":[1.7655,1.4075,1.1926,1.1215],
        "Sum_insured_limit":50000000
    },{
        "Risk_Code": "49802",
        "Name": "Dal mills",
        "Terrorism_Rate": "0.23",
        "Industrial_Type": "Industrial",
        "Decline": "No",
        "Zone":[2.8258,2.4677,2.2529,2.1818],
        "Sum_insured_limit":50000000
    },{
        "Risk_Code": "30108",
        "Name": "Educational and Research Institutes ",
        "Terrorism_Rate": "0.15",
        "Industrial_Type": "Non Industrial",
        "Decline": "yes",
        "Zone":[0.6600,0.5700,0.3100,0.3100],
        "Sum_insured_limit":50000000
    },{
        "Risk_Code": "30404",
        "Name": "Fuel Station- Petrol / Diesel Kiosks (without CNG)",
        "Terrorism_Rate": "0.15",
        "Industrial_Type": "Industrial",
        "Decline": "No",
        "Zone":[0.7475,0.6042,0.5326,0.4615],
        "Sum_insured_limit":15000000
    },{
        "Risk_Code": "30110",
        "Name": "Hospitals including X-ray and Diagnostic clinics",
        "Terrorism_Rate": "0.15",
        "Industrial_Type": "Industrial",
        "Decline": "yes",
        "Zone":[0.6600,0.5700,0.3100,0.3100],
        "Sum_insured_limit":50000000
    },{
        "Risk_Code": "30205",
        "Name": "Hotels",
        "Terrorism_Rate": "0.15",
        "Industrial_Type": "Industrial",
        "Decline": "No",
        "Zone":[0.6339,0.4907,0.4191,0.3480],
        "Sum_insured_limit":50000000
    },{
        "Risk_Code": "51001",
        "Name": "Jaggery Manufacturing",
        "Terrorism_Rate": "0.23",
        "Industrial_Type": "Industrial",
        "Decline": "No",
        "Zone":[2.8258,2.4677,2.2529,2.1818],
        "Sum_insured_limit":50000000
    },{
        "Risk_Code": "52301",
        "Name": "Manure Blending works",
        "Terrorism_Rate": "0.23",
        "Industrial_Type": "Industrial",
        "Decline": "No",
        "Zone":[1.7655,1.4075,1.1926,1.1215],
        "Sum_insured_limit":50000000
    },{
        "Risk_Code": "53101",
        "Name": "Mosaic Factories",
        "Terrorism_Rate": "0.23",
        "Industrial_Type": "Industrial",
        "Decline": "No",
        "Zone":[2.8258,2.4677,2.2529,2.1818],
        "Sum_insured_limit":50000000
    },{
        "Risk_Code": "47604",
        "Name": "Motor Vehicle Garages",
        "Terrorism_Rate": "0.23",
        "Industrial_Type": "Industrial",
        "Decline": "yes",
        "Zone":[0.9800,0.8900,0.8400,0.8000],
        "Sum_insured_limit":15000000
    },{
        "Risk_Code": "30403",
        "Name": "Motor Vehicle showroom including sales and service",
        "Terrorism_Rate": "0.15",
        "Industrial_Type": "Non Industrial",
        "Decline": "No",
        "Zone":[0.7475,0.6042,0.5326,0.4615],
        "Sum_insured_limit":15000000
    },{
        "Risk_Code": "30118",
        "Name": "Office premises",
        "Terrorism_Rate": "0.15",
        "Industrial_Type": "Non Industrial",
        "Decline": "yes",
        "Zone":[0.6600,0.5700,0.3100,0.3100],
        "Sum_insured_limit":50000000
    },{
        "Risk_Code": "30202",
        "Name": "Restaurants",
        "Terrorism_Rate": "0.15",
        "Industrial_Type": "Industrial",
        "Decline": "yes",
        "Zone":[0.6600,0.5700,0.3100,0.3100],
        "Sum_insured_limit":50000000
    },{
        "Risk_Code": "30301",
        "Name": "Shops dealing in non-hazardous goods",
        "Terrorism_Rate": "0.15",
        "Industrial_Type": "Industrial",
        "Decline": "yes",
        "Zone":[1.1100,1.0100,0.9700,0.9200],
        "Sum_insured_limit":15000000
    },{
        "Risk_Code": "62001",
        "Name": "Storage of Category I hazardous Goods  - Storage in godown or warehouse",
        "Terrorism_Rate": "0.23",
        "Industrial_Type": "Industrial",
        "Decline": "yes",
        "Zone":[1.5800,1.4900,1.4400,1.4000],
        "Sum_insured_limit":5000000
    }
]